multi_veg0,multi_shadow0,multi_water0,multi_road0,multi_building0,multi_total0,multi_veg1,multi_shadow1,multi_water1,multi_road1,multi_building1,multi_total1,multi_veg2,multi_shadow2,multi_water2,multi_road2,multi_building2,multi_total2,multi_veg3,multi_shadow3,multi_water3,multi_road3,multi_building3,multi_total3,self_veg0,self_shadow0,self_water0,self_road0,self_building0,self_total0,self_veg1,self_shadow1,self_water1,self_road1,self_building1,self_total1,self_veg2,self_shadow2,self_water2,self_road2,self_building2,self_total2,self_veg3,self_shadow3,self_water3,self_road3,self_building3,self_total3
0.9389728096676737,0.9590714722052536,0.9810126582278481,0.8337965536409117,0.7208427389014297,0.8867392465286233,0.9785670545009185,0.9594594594594595,0.9698137443802183,0.8856978747846065,0.8521859819569743,0.9291448230164354,0.9759407772979641,0.939863608183509,0.9282482223658695,0.8979833926453143,0.8701891715590345,0.9224450344103383,0.9464822609741431,0.8719851576994434,0.9188829787234044,0.8410876132930513,0.8238308776425369,0.8804537776665159,0.9346016646848989,0.9590570719602978,0.9829437776373974,0.8425671969281404,0.7184615384615386,0.8875262499344545,0.961298377028714,0.9476248477466505,0.9751434034416826,0.8534090909090909,0.8128941836019621,0.91007398054562,0.9747069710055521,0.9403254972875226,0.9254327563249002,0.889406286379511,0.8560000000000001,0.9171743021994974,0.9430992736077483,0.8673218673218672,0.9194943446440452,0.8139109212934716,0.8035487959442332,0.8694750405622731
0.9705698184095178,0.9443447037701975,0.9743918053777209,0.8738839285714286,0.8142235123367199,0.9154827536931168,0.9937106918238994,0.9180708890180128,0.9535644211903205,0.8813753581661892,0.8381625441696112,0.9169767808736067,0.9717868338557993,0.8892617449664431,0.8844011142061281,0.8772727272727274,0.8205489092188599,0.8886542659039915,0.9713930348258707,0.875143184421535,0.9003436426116838,0.8148148148148148,0.7901572112098427,0.8703703775767493,0.9424148606811147,0.9534743202416919,0.9817265280403277,0.8093294460641399,0.7296918767507002,0.8833274063555949,0.9663918833227648,0.9324487334137516,0.9608723540731239,0.8547201808931599,0.825330549756437,0.9079527402918475,0.9529262086513995,0.9074074074074074,0.9034907597535934,0.8844282238442822,0.8363636363636363,0.8969232472040638,0.9412492269635128,0.887154861944778,0.9240080699394754,0.7969348659003831,0.7932692307692307,0.8685232511034761
0.9576946658491723,0.96375,0.9799247176913426,0.8645598194130926,0.8025659301496791,0.9136990266206573,0.9962640099626401,0.9501538461538461,0.9602053915275996,0.8970588235294118,0.8980367321089296,0.9403437606564854,0.9708617482951023,0.9418248622167789,0.9420289855072465,0.884416331224842,0.8309953239812959,0.9140254502450531,0.9564134495641344,0.9024238657551275,0.9444089456869009,0.8266825491363907,0.8046722907203115,0.8869202201725731,0.9496053430479661,0.9535175879396984,0.9817495280050346,0.9013426736719206,0.8594928032899246,0.9291415871909089,0.9956440572495334,0.9483282674772037,0.9577098243331165,0.889969604863222,0.8876117496807152,0.9358527007207581,0.9715346534653465,0.9559902200488999,0.9495743287491814,0.8680516563728243,0.811111111111111,0.9112523939494726,0.955818294959552,0.9207355738744452,0.964824120603015,0.8252252252252252,0.8030788967286723,0.893936422278182
0.9706799750467873,0.9509981851179674,0.9783715012722647,0.883313885647608,0.8422496570644719,0.9251226408298199,1.0,0.9345794392523363,0.9535644211903205,0.9014598540145986,0.8963696369636964,0.9371946702841903,0.9778051787916153,0.9268867924528302,0.9469548133595285,0.8962264150943395,0.8403015764222069,0.9176349552241041,0.9692874692874692,0.901060070671378,0.9326217478318879,0.8075,0.7974603174603175,0.8815859210502105,0.9411764705882353,0.9510050251256281,0.9817265280403277,0.8253079507278835,0.7402597402597403,0.8878951429483629,0.9937733499377336,0.9492537313432835,0.9521938441388342,0.8734015345268542,0.8746928746928748,0.9286630669279159,0.976629766297663,0.9238329238329238,0.9301729660474055,0.8194367752622861,0.7409024745269287,0.8781949811934414,0.9546599496221663,0.9235511713933415,0.9678233438485804,0.8070818070818071,0.7977026164645821,0.8901637776820954
0.9311981020166074,0.9196141479099679,0.9796437659033079,0.8237454100367197,0.7971667739858339,0.8902736399704874,0.9681846537741734,0.9496053430479661,0.9731113956466069,0.809671419714817,0.7987301587301587,0.8998605941827446,0.9766009852216749,0.907621247113164,0.8806699232379622,0.8815393866506315,0.8617571059431524,0.9016377296333169,0.929845422116528,0.8928104575163398,0.9476219145093318,0.7829686575990538,0.7228412256267409,0.8552175354735988,0.9562043795620438,0.947172156619018,0.9790209790209791,0.824332712600869,0.7984644913627639,0.9010389438331349,0.961898813241724,0.9424591156874621,0.969270166453265,0.832038254632397,0.8076668869795108,0.9026666473988719,0.9650092081031308,0.9094076655052264,0.8898128898128898,0.8841843088418431,0.8537499999999999,0.900432814452618,0.9344558027660853,0.8924661944623309,0.9480676328502414,0.8234597156398105,0.7666666666666667,0.873023202477027
0.9636711281070744,0.9415971394517283,0.9737347853939782,0.8535714285714286,0.8214285714285715,0.9108006105905562,0.9899244332493703,0.9287410926365796,0.9544270833333333,0.8732227488151659,0.8603723404255319,0.9213375396919962,0.9565217391304348,0.8847874720357942,0.8907330567081605,0.8784176847004073,0.8287671232876711,0.8878454151724936,0.9674593241551941,0.8818807339449541,0.9213180901143241,0.7861901877649909,0.7736842105263156,0.8661065093011558,0.9652605459057072,0.9425287356321839,0.9651162790697675,0.8373879641485275,0.8246153846153846,0.9069817818743141,0.95445798588839,0.9153345174659563,0.9548387096774195,0.8174322732626619,0.7952127659574467,0.887455250450375,0.9651307596513076,0.88737973967176,0.8781512605042017,0.8591022443890275,0.832601880877743,0.8844731770188079,0.8702594810379243,0.8356643356643357,0.9519172245891662,0.6121593291404612,0.6654950205038079,0.7870990781871391
0.957062850031114,0.9624615384615386,0.9830081812460667,0.8585017835909632,0.8162992651970609,0.9154667237053488,0.9626506024096385,0.9537712895377128,0.9617131732641142,0.8007590132827324,0.7776365946632783,0.8913061346314953,0.9754299754299756,0.9513715710723193,0.9483204134366925,0.7429537767756482,0.6666666666666666,0.8569484806762605,0.9494584837545126,0.9379398592450416,0.9829867674858223,0.7329192546583853,0.690747782002535,0.8588104294292593,0.9609423434593924,0.9622758194186765,0.9779179810725551,0.8569718731298623,0.8216644649933951,0.9159544964147762,0.9732360097323601,0.9511164755582378,0.9562948467058057,0.8050793650793651,0.7919547454431175,0.8955362885037772,0.976629766297663,0.9595015576323987,0.9598965071151357,0.7258338044092708,0.6437414030261347,0.8531206076961206,0.9651802076970067,0.9362524146812621,0.9824120603015074,0.7149095446038678,0.7021671826625386,0.8601842819892366
0.9652118912080961,0.9488875526157547,0.9802924348378893,0.8568155784650628,0.8072372999304106,0.9116889514114427,0.9769820971867007,0.9194865810968494,0.9550488599348534,0.8392752776154296,0.8143631436314364,0.901031191893054,0.9786700125470514,0.9221835075493613,0.9198653198653199,0.7154471544715446,0.6391333784698714,0.8350598745806297,0.9677419354838709,0.9236363636363637,0.968529222864483,0.7076222980659841,0.6437104708362614,0.8422480581773927,0.9495851946394385,0.9563636363636363,0.982367758186398,0.8415841584158417,0.8068397720075998,0.9073481039225828,0.9598021026592455,0.9032634032634033,0.9550488599348534,0.8124602670057216,0.7697241821680565,0.8800597630062561,0.9716399506781751,0.9453416149068323,0.9442282749675747,0.7464387464387464,0.6689326988443236,0.8553162571671304,0.942839582052858,0.9301729660474055,0.9785894206549117,0.6721003134796238,0.6494782074892572,0.8346360979448113
0.9528535980148883,0.9591584158415841,0.9854522454142948,0.8821548821548821,0.8190205819730305,0.9197279446797361,0.9821757836508912,0.9318316538233551,0.9333333333333333,0.8751418842224744,0.8356741573033708,0.911631362466685,0.985705407085146,0.9553571428571428,0.9551122194513716,0.8507821901323708,0.8387925497752088,0.9171499018602479,0.8730434782608696,0.9026013309134906,0.9668542839274546,0.7522697795071335,0.6927751519243754,0.8375088049066648,0.9509011808576756,0.957169459962756,0.9841671944268524,0.8694690265486725,0.8011486001435749,0.9125710923879062,0.9821757836508912,0.933806146572104,0.9333333333333333,0.8504398826979471,0.8143631436314364,0.9028236579771424,0.9875311720698254,0.9510489510489512,0.9534450651769087,0.8485607008760953,0.8426270136307311,0.9166425805605023,0.867595818815331,0.8952150211992732,0.963239875389408,0.76043673731535,0.6880546075085324,0.834908412045579
0.9605015673981191,0.9404052443384983,0.9743918053777209,0.9001189060642094,0.8631153068105192,0.9277065659978133,0.9731113956466069,0.8956916099773242,0.9333333333333333,0.9100850546780073,0.9031413612565445,0.9230725509783632,0.9550706033376124,0.905167518455423,0.9420289855072465,0.8956109134045077,0.8557887610020312,0.9107333563413641,0.940952380952381,0.888507718696398,0.9570312500000001,0.7699406723796969,0.7825015403573629,0.8677867124771679,0.9580463368816532,0.951858622790981,0.9770408163265306,0.8709487330583382,0.8256513026052102,0.9167091623325426,0.9660038486209108,0.8971428571428571,0.9333333333333333,0.8625698324022346,0.8236973590292648,0.8965494461057201,0.9684887459807074,0.9257003654080389,0.9620578778135048,0.7191166321601105,0.7848804891606447,0.8720488221046013,0.8631090487238979,0.8997641509433962,0.9654289372599231,0.7261663286004056,0.6809616634178038,0.8270860257890854
0.9379474940334129,0.940809968847352,0.941098610191926,0.8518957345971564,0.8065789473684211,0.8956661510076538,0.9968730456535334,0.9609079445145018,0.9705329153605016,0.7946698970321018,0.7954110898661567,0.903678978485359,0.9843652282676674,0.8804597701149426,0.8712070128118677,0.8488587291795188,0.829800899165061,0.8829383279078115,0.964923076923077,0.8910891089108911,0.910944935418083,0.8217149907464527,0.8033205619412517,0.8783985347879512,0.9439140811455847,0.9548306148055208,0.9501965923984274,0.8375080282594733,0.8269581056466303,0.9026814844511273,0.9975,0.9366106080206986,0.9505796217205613,0.7869643934821967,0.7817715019255456,0.8906852250298004,0.9831144465290808,0.8713789107763615,0.8613529805760214,0.8473945409429282,0.8331210191082802,0.8792723795865345,0.9467005076142132,0.8692175899486008,0.8834612700628053,0.807185628742515,0.756687898089172,0.8526505788914613
0.9612698412698413,0.875,0.8896599583622484,0.8513189448441246,0.8196286472148542,0.8793754783382136,0.9670755326016786,0.9269988412514484,0.9556135770234987,0.8297872340425532,0.8074616922051965,0.897387375424875,0.9652061855670103,0.8692810457516341,0.8678445229681978,0.8769414575866189,0.8443860801050558,0.8847318583957035,0.9451104100946373,0.8375607123583378,0.8587731811697574,0.7828863346104725,0.7816813048933501,0.841202388625311,0.9514563106796116,0.935897435897436,0.9650711513583441,0.8636363636363635,0.8081321473951716,0.9048386817933853,0.9522597071928707,0.9062693978895096,0.9495073891625616,0.771884984025559,0.7771639042357275,0.8714170765012457,0.9651162790697675,0.8601909039865244,0.8670212765957446,0.8287714831317633,0.81203007518797,0.8666260035943539,0.9295589203423305,0.8488566648075851,0.8692579505300354,0.792722547108512,0.770472895040369,0.8421737955657663
0.9573520050922978,0.9487179487179486,0.9616368286445013,0.8713789107763615,0.8194536975349768,0.9117078781532172,0.9691096305269533,0.9677811550151976,0.9743589743589743,0.8801004394224733,0.8549323017408124,0.9292565002128821,0.973635806253832,0.9426987060998151,0.9358392741412832,0.8031496062992125,0.7731958762886597,0.8857038538165605,0.9093231162196679,0.8931439159975294,0.972939729397294,0.8156209987195902,0.7990165949600491,0.8780088710588262,0.9706066291432145,0.9575906576521204,0.9822335025380711,0.8484500574052812,0.8008241758241758,0.9119410045125725,0.9779951100244498,0.9611650485436893,0.9697359948486799,0.8328912466843502,0.8338368580060422,0.9151248516214423,0.9676237018937079,0.9578686493184635,0.9490651192778853,0.7995324371712449,0.7464694014794888,0.8841118618281583,0.8886059834500319,0.8754623921085081,0.9629629629629629,0.7714631197097944,0.7104913678618857,0.8417971652186366
0.9356955380577427,0.9129682997118156,0.9452867501647989,0.8860606060606061,0.8411689961880559,0.9042360380366039,0.9987484355444306,0.9417304296645085,0.9487516425755586,0.8962553713934929,0.8891752577319587,0.9349322273819898,0.9751552795031055,0.9076396807297605,0.8988300068823124,0.8644264194669756,0.8263555250514756,0.8944813823267259,0.9406509253350351,0.8757729061270376,0.9304812834224598,0.8023180940115904,0.8062305295950155,0.8710907476982278,0.9240924092409241,0.9237089201877935,0.9501312335958005,0.8205417607223476,0.7299663299663299,0.8696881307426393,0.9779411764705883,0.8949152542372881,0.9406332453825857,0.7455782312925171,0.7754342431761787,0.8669004301118316,0.96625,0.9361963190184048,0.94140625,0.8147733631785115,0.7781617138908085,0.887357529217545,0.8955823293172691,0.8705330990041008,0.970384373030876,0.7798408488063661,0.7899061032863849,0.8612493506889993
0.9377431906614786,0.9649661954517516,0.9810844892812106,0.788782816229117,0.7291268323773104,0.8803407048001735,0.9956331877729258,0.9272727272727272,0.9405339805825242,0.8492492492492493,0.8419689119170984,0.910931611358905,0.9742331288343559,0.9483394833948339,0.9440104166666666,0.8411764705882352,0.8010610079575596,0.9017641014883302,0.8902195608782435,0.8456057007125891,0.942822384428224,0.8213399503722084,0.813102119460501,0.8626179431703533,0.9576217583807717,0.9660703269586675,0.982367758186398,0.8062111801242235,0.77875,0.8982042047300122,0.9950124688279303,0.9322143318269851,0.9462102689486553,0.8395348837209302,0.8222669349429913,0.9070477776534984,0.9701037217815742,0.9525547445255474,0.9479843953185957,0.8339350180505415,0.8042188529993409,0.90175934653512,0.8941798941798941,0.8540540540540541,0.9497882637628554,0.8094932649134061,0.8081936685288641,0.8631418290878147
0.9435382685069009,0.9454109178164368,0.978994271164863,0.8249522597071929,0.7977457733249844,0.8981282981040756,0.9918290383406663,0.9252336448598131,0.9466754443712969,0.8758248350329934,0.8643282594308406,0.920778244407122,0.976629766297663,0.9260792430514488,0.9328010645375916,0.8824911868390128,0.8470906630581868,0.9130183847567807,0.9288975864318331,0.8859749144811859,0.955671447196871,0.7766990291262137,0.7906976744186046,0.8675881303309417,0.9218543046357616,0.953939393939394,0.9836065573770492,0.7774371551195586,0.7245841035120147,0.8722843029167554,0.9638709677419355,0.8929016189290162,0.9439707673568819,0.8162291169451074,0.8047182175622544,0.8843381377070391,0.9677819083023542,0.9345132743362832,0.9386138613861386,0.8742216687422166,0.8547770700636942,0.9139815565661373,0.8725617685305592,0.8599766627771296,0.9592088998763907,0.7611940298507464,0.7681159420289855,0.8442114606127624
0.9591964846202133,0.9577114427860696,0.9803921568627451,0.8473193473193474,0.7989347536617842,0.9087108370500321,0.9975062344139651,0.9570024570024571,0.9659163987138264,0.8849135360763267,0.8828125,0.9376302252413151,0.9789864029666255,0.9332485696122059,0.9481391092129348,0.8200103145951522,0.6953696181965882,0.8751508029167013,0.948860135551448,0.9057301293900184,0.9611217335882728,0.8544710695499708,0.8358208955223881,0.9012007927204196,0.9596022374145432,0.9529120198265181,0.979179810725552,0.8576329331046312,0.796950796950797,0.9092555596044083,0.9950124688279303,0.9533169533169534,0.9651612903225807,0.8770726129216696,0.8645336963921034,0.9310194043562474,0.9832402234636871,0.9350157728706624,0.9450956199876619,0.8107833163784335,0.6820049301561217,0.8712279725713132,0.9591078066914498,0.9181538461538461,0.9662635264162953,0.8542024013722127,0.8299791811242193,0.9055413523516046
0.962822936357908,0.9519756838905775,0.9803921568627451,0.8856978747846065,0.8381742738589211,0.9238125851509514,0.9981214777708203,0.9296920395119118,0.9480604865220249,0.8991596638655462,0.8882943143812708,0.9326655964103149,0.985705407085146,0.8674832962138085,0.9184890656063618,0.8130277442702052,0.8081232492997198,0.8785657524950482,0.9561998766193709,0.8933951332560834,0.9375830013280213,0.8307322929171669,0.8048615800135045,0.8845543768268294,0.9576587795765878,0.9415384615384615,0.9803921568627451,0.8139255702280912,0.7766097240473062,0.8940249384506382,1.0,0.9451476793248946,0.9501965923984274,0.8395629672225418,0.8211382113821138,0.9112090900655956,0.9899497487437187,0.8959107806691451,0.9196811771919068,0.8206207259337192,0.7020602218700475,0.8656445308817073,0.9459798994974875,0.8870684610883558,0.9384513567174056,0.8218356328734253,0.8073635765943458,0.8801397853542039
0.9699624530663329,0.9607843137254902,0.9860935524652339,0.8222222222222222,0.7507204610951009,0.8979566005148759,0.995,0.9409616555082168,0.9502905100064558,0.8857837181044956,0.8860435339308579,0.9316158835100051,0.9863354037267081,0.9008595988538682,0.8948087431693988,0.8723163841807909,0.82636428065202,0.8961368821165572,0.9250480461242793,0.900709219858156,0.9711417816813049,0.7505300353356891,0.7928653624856157,0.868058889097009,0.9686323713927226,0.9553516819571866,0.9816106531388713,0.8303964757709251,0.7590711175616837,0.8990124599642779,0.9899874843554443,0.9427890345649583,0.9508196721311475,0.8800959232613909,0.8713259307642064,0.9270036090154296,0.9850931677018633,0.9001711351968054,0.8901098901098902,0.8879860708067324,0.8545953360768177,0.9035911199784218,0.91751269035533,0.9063231850117096,0.9759188846641318,0.7740189445196212,0.7843373493975904,0.8716222107896765
0.9649904519414386,0.9288653733098177,0.9657843770174306,0.8609656777196045,0.810958904109589,0.9063129568195761,0.9763275751759437,0.8931599773883551,0.9333333333333333,0.8826347305389222,0.8744993324432577,0.9119909897759624,0.9874843554443055,0.8829728230726568,0.8989690721649485,0.8843930635838151,0.8118811881188118,0.8931401004769075,0.9302325581395349,0.8203781512605041,0.8826815642458101,0.8015364916773368,0.7915057915057916,0.8452669113657955,0.9586466165413534,0.9540159411404047,0.978994271164863,0.8082191780821918,0.7379310344827585,0.8875614082823143,0.9719745222929936,0.9181286549707602,0.9542483660130718,0.8602409638554217,0.8496732026143791,0.9108531419493253,0.9899623588456713,0.912743972445465,0.9237967914438502,0.8820754716981133,0.84375,0.9104657188866201,0.9038461538461539,0.8834565093803297,0.9651162790697675,0.7379912663755459,0.7799886299033542,0.8540797677150302
0.9598997493734336,0.9585870889159561,0.9811320754716981,0.6964504283965729,0.6540962288686607,0.8500331142052643,0.9845774213448488,0.9361955873583782,0.9372108393919366,0.8750700280112045,0.8276353276353277,0.9121378407483391,0.9886934673366835,0.9115250291036089,0.904406779661017,0.7675962815405047,0.7758923346986542,0.8696227784680937,0.9656019656019655,0.8508655126498003,0.9054134443783463,0.7914303717706365,0.7877652933832708,0.8602153175568038,0.9648682559598495,0.9632352941176471,0.9805153991200503,0.7323775388291517,0.681245858184228,0.8644484692421853,0.9846153846153847,0.9349112426035503,0.9340439706862091,0.8834565093803297,0.8435087719298245,0.9161071758430598,0.9868667917448405,0.9141856392294222,0.9097035040431267,0.7684478371501272,0.7622549019607843,0.8682917348256604,0.9604382227632379,0.8778877887788779,0.927120669056153,0.7731305449936628,0.7723270440251572,0.8621808539234177
0.9692017598994344,0.9282352941176472,0.9542483660130718,0.8552864737152983,0.8129205921938089,0.9039784971878521,1.0,0.9230769230769231,0.9349269588313412,0.8649592549476136,0.8403593642017969,0.9126645002115349,0.9836477987421384,0.8843767625493514,0.8931771192281186,0.85305889079474,0.7961029923451635,0.8820727127319024,0.9671011793916822,0.8732234223990905,0.8998628257887518,0.7759699624530663,0.7700127064803048,0.857234019302579,0.9546904913848118,0.9569436021831413,0.982367758186398,0.7501442585112522,0.6766917293233083,0.8641675679177825,0.9968847352024921,0.9310344827586207,0.941952506596306,0.8862973760932945,0.8744939271255061,0.9261326055552439,0.9823008849557522,0.9217289719626168,0.9198423127463863,0.7458791208791209,0.7708333333333334,0.8681169247754419,0.9509981851179674,0.8693467336683417,0.9126335637963545,0.7787958115183246,0.7921760391198045,0.8607900666441585
0.9496053430479661,0.9594003747657712,0.9817495280050346,0.886646884272997,0.8403247631935046,0.9235453786570545,0.9919304779639976,0.9560371517027862,0.96741214057508,0.8493475682087781,0.8391332895600786,0.9207721256021442,0.9724433557868952,0.9487643158529235,0.9450261780104713,0.8645771732702542,0.8314304902619208,0.912448302636493,0.9562575941676792,0.8671140939597316,0.9205020920502093,0.7470709855272226,0.7770114942528736,0.8535912519915432,0.9631449631449631,0.955818294959552,0.9792843691148776,0.8610944076969334,0.82571239231279,0.9170108854458233,0.9864029666254636,0.9587184226740605,0.9691912708600771,0.827748383303939,0.8053333333333333,0.9094788753593746,0.9665246500304321,0.9425981873111782,0.9356955380577427,0.8317422434367542,0.7976031957390146,0.8948327629150242,0.9556769884638737,0.8770545693622617,0.922890103217972,0.6311844077961019,0.7152890329551593,0.8204190203590737
0.96625,0.9471153846153846,0.978343949044586,0.8891468369123622,0.8440748440748441,0.9249862029294355,0.9981261711430357,0.935125657510228,0.9361702127659575,0.8738425925925927,0.8475274725274724,0.9181584213078572,0.9714640198511166,0.9141210374639769,0.9187374076561451,0.8752913752913754,0.830110497237569,0.9019448675000366,0.9551872314303254,0.8874709976798145,0.9268947015425889,0.7946537059538276,0.7708609271523179,0.8670135127517746,0.952020202020202,0.9529627367135003,0.9791006966434452,0.8492822966507176,0.8023560209424084,0.9071443905940547,0.9633838383838385,0.9204069419509276,0.9508408796895215,0.8227194492254732,0.7870879120879122,0.8888878042675347,0.9697344039530575,0.9390171699230314,0.9393139841688654,0.773421926910299,0.7779772591262717,0.8798929488163051,0.9535452322738386,0.9006703229737965,0.940192926045016,0.5707509881422924,0.697845507094062,0.812600995305801
0.960880195599022,0.9592592592592593,0.9804416403785489,0.8772727272727274,0.814867762687634,0.9185443170394383,0.9763578274760383,0.900900900900901,0.9196428571428571,0.8867605633802816,0.8591450595655221,0.90856144169312,0.9707893101305158,0.9079524107701941,0.9255050505050506,0.8431372549019608,0.8365019011406843,0.8967771854896812,0.949088623507228,0.9060913705583755,0.978274363749224,0.7260606060606061,0.7162849872773538,0.8551599902305574,0.960880195599022,0.957920792079208,0.9797979797979798,0.8834003446295232,0.8306394940267042,0.9225277612264873,0.9981238273921201,0.9215805471124621,0.9270497094899935,0.8860190903986525,0.8611500701262271,0.918784648903891,0.9726708074534162,0.9160401002506265,0.9230769230769231,0.8786407766990291,0.867948717948718,0.9116754650857426,0.9536178107606679,0.9028497409326425,0.9734403953057443,0.75396359365825,0.7251153592617007,0.861797379983801
0.9624920534011443,0.9410363311494938,0.9776643267389916,0.8767123287671232,0.8229531140657802,0.9161716308245067,0.9650711513583441,0.8823201338538762,0.9404761904761905,0.8675263774912075,0.8496188496188496,0.9010025405596935,0.9652996845425867,0.911697247706422,0.941952506596306,0.8861646234676007,0.8238557558945908,0.9057939636415012,0.9479034307496824,0.8856978747846065,0.9466754443712969,0.7951105937136205,0.755524861878453,0.8661824410995319,0.9579011592434411,0.9008695652173914,0.9822335025380711,0.8675292667898953,0.8086290883785664,0.9034325164334731,0.9654305468258957,0.9169590643274854,0.9424983476536682,0.897510133178923,0.8718300205620287,0.9188456225096001,0.972568578553616,0.9226118500604595,0.9361421988150099,0.817783343769568,0.8290282902829028,0.8956268522963112,0.9012178619756428,0.8750000000000001,0.9777777777777777,0.6589891234804862,0.6576354679802956,0.8141240462428404
0.9698832206515059,0.9629164047768699,0.982256020278834,0.8354898336414048,0.8096141682479444,0.9120319295193119,0.9815950920245399,0.9511599511599512,0.9546325878594248,0.8850574712643678,0.8423265592151367,0.9229543323046842,0.9881175734834272,0.9397014925373134,0.9441558441558441,0.8517887563884158,0.8070175438596492,0.90615624208493,0.9234661606578115,0.8598130841121495,0.9585652442795299,0.6506804925469863,0.6489980607627667,0.8083046084718487,0.971604938271605,0.9691629955947137,0.9810126582278481,0.8525402726146221,0.8303068252974326,0.9209255380012443,0.9708383961117861,0.9416058394160584,0.9466237942122188,0.9053892215568862,0.87003367003367,0.9268981842661239,0.99,0.9398315282791817,0.9430789133247088,0.8558558558558559,0.8121468926553671,0.9081826380230227,0.9418457648546144,0.8598917618761275,0.9494210847044485,0.6559070367979342,0.6696485623003194,0.8153428421066888
0.9668127739511585,0.9564164648910412,0.9815638906547998,0.9037558685446011,0.8710990502035278,0.9359296096490257,0.9771573604060914,0.912037037037037,0.9530026109660574,0.8839177750906893,0.8860927152317881,0.9224414997463325,0.9655172413793103,0.9207459207459209,0.9410994764397905,0.8213670304422745,0.767605633802817,0.8832670605620229,0.9506953223767383,0.8793201133144476,0.9326217478318879,0.7980173482032217,0.7857142857142857,0.8692737634881161,0.9650436953807741,0.9665427509293681,0.9854706253948199,0.8650345260514751,0.8420398009950248,0.9248262797502924,0.9665427509293681,0.917605216360403,0.9481865284974094,0.8777969018932874,0.8314447592067988,0.9083152313774534,0.9796437659033079,0.9266589057043074,0.9430255402750491,0.8122375524895021,0.7796833773087072,0.8882498283361748,0.926923076923077,0.8627671541057368,0.9482535575679172,0.6763990267639903,0.6426630434782609,0.8114011717677966
0.9550089982003599,0.9566854990583803,0.9809402795425667,0.828328611898017,0.7580299785867237,0.8957986734572094,0.9950248756218906,0.9401709401709402,0.9501618122977346,0.8219363574813813,0.8545034642032332,0.9123594899550358,0.9754299754299756,0.92643391521197,0.9265822784810127,0.8075880758807588,0.8235981308411215,0.8919264751689677,0.9535918626827717,0.8073298429319372,0.7987987987987988,0.8225,0.8227129337539433,0.8409866876334902,0.9567307692307692,0.9593495934959351,0.9815873015873016,0.8279816513761468,0.7616361071932299,0.8974570845766765,0.987045033929673,0.9401709401709402,0.9464170432537121,0.8230508474576272,0.8421665695981362,0.9077700868820178,0.9742014742014743,0.9353233830845772,0.9291640076579452,0.8065395095367848,0.8316946211683054,0.8953845991298174,0.9451795841209829,0.8079957916885848,0.7969924812030075,0.8,0.8039336201598034,0.8308202954344758
0.9696586599241466,0.9147826086956522,0.9466754443712969,0.8325415676959619,0.7838926174496644,0.8895101796273446,0.9993753903810119,0.9321533923303834,0.9396951623591783,0.8560930802204532,0.852752880921895,0.9160139812425843,0.9850374064837906,0.9337243401759531,0.9412541254125414,0.8695652173913043,0.811853893866299,0.9082869966659778,0.9435382685069009,0.8077731092436975,0.8023952095808384,0.7290519877675842,0.7093403004572175,0.7984197751112476,0.9436964504283964,0.9593199757134183,0.9835234474017744,0.8321513002364066,0.7619047619047619,0.8961191871369516,0.9894606323620583,0.925609756097561,0.9266409266409267,0.8178137651821862,0.8310929281122151,0.8981236016789894,0.961898813241724,0.8591065292096219,0.9189534141671984,0.7366863905325444,0.734717416378316,0.842272512705881,0.941398865784499,0.7938303341902313,0.7887963663890991,0.7681438664097624,0.7723270440251572,0.8128992953597498
0.963239875389408,0.9537892791127541,0.9749058971141782,0.8314977973568282,0.7518355359765052,0.8950536769899348,0.9864364981504316,0.9726708074534162,0.9786163522012579,0.897119341563786,0.8706838185511171,0.9411053635840017,0.9564668769716088,0.9322660098522167,0.9452229299363057,0.8873929008567932,0.8645242596093258,0.9171745954452502,0.9097988319273199,0.8507899356348743,0.9359850839030454,0.6748329621380847,0.5516728624535315,0.7846159352113712,0.9633312616532007,0.9493827160493828,0.9743910056214865,0.8432432432432432,0.753030303030303,0.8966757059195233,0.9846153846153847,0.9655172413793103,0.9706799750467873,0.9095324833029751,0.8901960784313725,0.944108232555166,0.9584382871536524,0.9280397022332506,0.9405815423514539,0.8866995073891626,0.8607277289836888,0.9148973536222417,0.929305912596401,0.867812685240071,0.9445482866043614,0.6808278867102397,0.5455927051671733,0.7936174952636493
0.9592356687898089,0.9459623557984215,0.97625,0.8860613071139386,0.8349381017881705,0.920489486698068,0.9802421924792861,0.9096278795038394,0.9574062301335029,0.891826923076923,0.8900732844770153,0.9258353019341133,0.9691516709511568,0.9094036697247706,0.9344804765056254,0.8805460750853242,0.803633822501747,0.8994431429537249,0.9517845961177207,0.8794826572604351,0.9444089456869009,0.8078096400244051,0.7850467289719626,0.8737065136122849,0.9538266919671095,0.9504587155963303,0.975609756097561,0.8254665203073546,0.7336757153338225,0.8878074798604356,0.981549815498155,0.9501216545012166,0.9684343434343435,0.8826008428657435,0.8457912457912459,0.9256995804181409,0.9229756418696511,0.8822474596533173,0.9346991037131882,0.888755980861244,0.8576874205844981,0.8972731213363796,0.9318036966220522,0.8726838015540944,0.9399249061326658,0.6504237288135594,0.46069182389937113,0.7711055914043485
0.9638403990024937,0.9636475662353666,0.9829437776373974,0.8815642458100558,0.8228571428571428,0.9229706263084912,0.9791921664626683,0.9489414694894147,0.9618320610687023,0.8970760233918129,0.8755074424898511,0.9325098325804898,0.978328173374613,0.934052757793765,0.9404145077720207,0.8536009445100354,0.8140635564570655,0.9040919879814999,0.9596022374145432,0.9261992619926199,0.9673704414587332,0.6953727506426736,0.707168894289186,0.8511427171595511,0.9698492462311558,0.9580036518563604,0.9848293299620733,0.8765432098765431,0.8294075660242684,0.9237266007900801,0.9815950920245399,0.9510229386236826,0.9623484365028718,0.8754448398576512,0.8537234042553191,0.9248269422528128,0.980852378011118,0.9342891278375149,0.94921875,0.8543465745538285,0.803347280334728,0.9044108221474378,0.9671419714817111,0.9262244265344078,0.9649010848755583,0.6877770740975301,0.7039312039312039,0.8499951521840824
0.9725,0.9069901790872328,0.9254533243787776,0.8664723032069971,0.8286689419795222,0.9000169497305058,0.9892608970309539,0.927120669056153,0.9527508090614888,0.8615384615384616,0.8514588859416446,0.9164259445257406,0.9842271293375395,0.9224242424242424,0.9397590361445783,0.8830233953209358,0.8428665351742275,0.9144600676803046,0.9662369551872314,0.9224293445580277,0.9564085881587508,0.7467700258397933,0.7615526802218114,0.870679518793123,0.9479099678456592,0.9472422062350119,0.9842271293375395,0.8750713063320024,0.8116747741487144,0.9132250767797854,0.9888337468982631,0.9517326732673267,0.9617346938775511,0.8508495909376966,0.8532507739938079,0.9212802957949291,0.9794392523364486,0.9192618223760093,0.9334221038615179,0.8587429993777224,0.8273195876288659,0.9036371531161128,0.9352608422375864,0.9234537660747092,0.9591174561972745,0.6718547341115433,0.6804489072652097,0.8340271411772646
0.9701863354037267,0.9607965152457996,0.9810844892812106,0.7826617826617827,0.7517639512508019,0.8892986147686642,0.9918800749531543,0.9599499374217771,0.972972972972973,0.8976190476190476,0.8928104575163398,0.9430464980966584,0.9724095646842428,0.9497716894977168,0.9326113116726835,0.8493746601413812,0.7730337078651686,0.8954401867722385,0.9446135118685332,0.8876043673731536,0.947560975609756,0.7463961558996263,0.6278166278166277,0.8307983277135393,0.9646910466582599,0.9586674892041949,0.9823232323232323,0.8127739511584221,0.7965260545905708,0.9029963547869361,0.9981238273921201,0.950186799501868,0.9613189600507294,0.9044430919050518,0.9092063492063491,0.9446558056112238,0.9700305810397554,0.9393939393939394,0.9274145170965806,0.8738317757009346,0.8310626702997276,0.9083466967061875,0.9498777506112469,0.8754119973632168,0.9368295589988082,0.7770114942528736,0.7305808257522743,0.853942325395684
0.9525641025641025,0.9439809296781884,0.9810844892812106,0.851089588377724,0.8188976377952756,0.9095233495393001,0.9670755326016786,0.9150326797385621,0.9678233438485804,0.8879716981132075,0.8755884330867518,0.9226983374777561,0.9495743287491814,0.8979351032448377,0.9410272669625872,0.9006391632771645,0.8405405405405405,0.9059432805548623,0.9569620253164557,0.8832116788321168,0.9561998766193709,0.8037151702786377,0.7883116883116883,0.8776800878716539,0.9644218551461246,0.9534180278281912,0.9823008849557522,0.7795992714025501,0.7512953367875649,0.8862070752240365,0.9504185447520928,0.911214953271028,0.9764780673871584,0.884472049689441,0.8608247422680413,0.9166816714735524,0.9571248423707439,0.9257213014119092,0.9480925578486555,0.8895382817066043,0.8610169491525423,0.9162987864980909,0.9600491702519975,0.9041953663118347,0.9580764488286067,0.7178666666666667,0.584831899921814,0.8250039103961838
0.9621026894865525,0.9632856253889235,0.978994271164863,0.8726079825041005,0.8032424465733234,0.9160466030235528,0.9864029666254636,0.9585139318885448,0.9699680511182109,0.8451198129748686,0.823608316566063,0.9167226158346301,0.9740099009900991,0.9452485840151038,0.944233206590621,0.878048780487805,0.84765625,0.9178393444167258,0.9604863221884498,0.8991060025542785,0.9590714722052536,0.8190356919223545,0.8180064308681673,0.8911411839477007,0.9686153846153847,0.9691358024691358,0.978994271164863,0.8838243468593663,0.8231046931407942,0.9247348996499088,0.9795158286778399,0.9519050593379138,0.9698492462311558,0.8665469778575702,0.8511475409836066,0.9237929306176174,0.9745815251084935,0.94723458359822,0.9442705072010019,0.8724179829890644,0.8491406747294716,0.9175290547252504,0.9543269230769231,0.9125964010282775,0.9673041332510796,0.7969348659003831,0.8060263653483992,0.8874377377210125
0.9671011793916822,0.9620098039215687,0.979746835443038,0.8541905855338693,0.8069686411149826,0.9140034090810282,0.9949874686716792,0.930622009569378,0.9554551323434473,0.835632183908046,0.8024948024948024,0.9038383193974706,0.9783549783549783,0.9043280182232345,0.9132791327913279,0.8826945412311266,0.8229531140657802,0.9003219569332895,0.95679012345679,0.8713550600343052,0.8988300068823124,0.7498514557338086,0.7224080267558529,0.8398469345726137,0.9463044851547695,0.9476219145093318,0.9783715012722647,0.877030162412993,0.8273972602739726,0.9153450647246664,0.9494561740243121,0.8814180929095354,0.9271935283136279,0.8236645605973578,0.7859600825877494,0.8735384876865165,0.9577819785759295,0.9409616555082168,0.9384316267012313,0.8810939357907255,0.8297734627831715,0.9096085318718549,0.9549878345498782,0.9074664964901085,0.9572127139364304,0.7863031071655042,0.7893401015228425,0.8790620507329527
0.9492753623188406,0.9609907120743034,0.9823899371069182,0.8820093457943924,0.8170988086895585,0.9183528331968026,0.99,0.9428055388320289,0.9549314173742652,0.8890221955608878,0.8747566515249837,0.9303031606584331,0.9863861386138614,0.9373493975903614,0.9405617243631612,0.6190803019903913,0.6728110599078341,0.8312377244931219,0.9352148813341885,0.8573264781491002,0.9329376854599407,0.7992588017294626,0.7982289690069576,0.8645933631359299,0.9509981851179674,0.958904109589041,0.9798994974874371,0.8772334293948126,0.8132956152758133,0.9160661673730143,0.9881026925485286,0.9365269461077843,0.9530026109660574,0.8948655256723717,0.8869009584664537,0.9318797467522391,0.9912935323383085,0.9396135265700484,0.950097213220998,0.6100981767180925,0.6757215619694398,0.8333648021633775,0.9525,0.8533333333333333,0.9190140845070423,0.7861128332300061,0.7820593809222994,0.8586039263985361
0.9651678277390753,0.8870151770657673,0.9010989010989011,0.828054298642534,0.765867418899859,0.8694407246892272,0.9703989703989705,0.8999428244711263,0.9480604865220249,0.8541300527240773,0.8291354663036078,0.9003335600839614,0.9720101781170483,0.8967082860385924,0.9145931405514459,0.8385899814471244,0.8092189500640204,0.8862241072436462,0.9637046307884856,0.8717067583046966,0.9100817438692098,0.7026364193746168,0.6949261400128451,0.8286111384699708,0.958852867830424,0.9538834951456311,0.9779179810725551,0.8520642201834862,0.792107117688513,0.9069651363841218,0.9639175257731958,0.9118329466357309,0.9466754443712969,0.8312863606981254,0.8443908323281062,0.899620621961291,0.9841671944268524,0.9299820466786354,0.9510939510939511,0.5595158036314728,0.6003510825043885,0.80502201566706,0.926412614980289,0.8746958637469586,0.9538461538461539,0.7623701893708003,0.7608142493638677,0.8556278142616139
0.9536751080914144,0.9596977329974811,0.9817495280050346,0.8712029161603887,0.8408215661103979,0.9214293702729432,0.9962593516209476,0.9292929292929292,0.9333333333333333,0.8517350157728707,0.8624078624078624,0.9146056984855886,0.9715698393077874,0.9475015812776724,0.9481574016239851,0.8491017964071856,0.8169934640522875,0.9066648165337836,0.9357097390197328,0.8648998060762767,0.9521502119927316,0.7812323346523461,0.7510259917920658,0.8570036167066305,0.9542645241038319,0.9635220125786164,0.9824120603015074,0.8933889219773674,0.8573307034845495,0.9301836444891747,0.9943995021779715,0.9292088042831648,0.9333333333333333,0.8462998102466793,0.8583690987124464,0.912322109750719,0.9728395061728395,0.9442424242424243,0.9341238471673254,0.8745644599303136,0.8335570469798659,0.9118654568985538,0.9352978859705318,0.8730057434588385,0.9596577017114915,0.814537680384821,0.7706959706959705,0.8706389964443306
0.9699624530663329,0.9586877278250303,0.9803424223208624,0.8758017492711371,0.8401639344262296,0.9249916573819185,0.9770114942528736,0.9028177113283496,0.9333333333333333,0.8892878515858766,0.8832020997375328,0.9171304980475931,0.963055729492799,0.9110728628800919,0.9222520107238604,0.8839976204640094,0.847343644922663,0.9055443736966848,0.9402139710509754,0.8946745562130177,0.9491525423728813,0.7881355932203389,0.7739413680781758,0.8692236061870777,0.9527410207939508,0.956468424279583,0.9798234552332913,0.8927089508002372,0.8416169648774022,0.9246717631968929,1.0,0.9304812834224598,0.9333333333333333,0.8333333333333334,0.8391167192429022,0.9072529338664058,0.9638403990024937,0.9115250291036089,0.9191374663072777,0.8012779552715654,0.7869858809085328,0.8765533461186957,0.9340300457217505,0.8317214700193425,0.9559902200488999,0.805166846071044,0.7949438202247192,0.8643704804171513
0.9521502119927316,0.9485924112607098,0.9776927979604844,0.8686648501362398,0.7749809305873379,0.9044162403875008,0.979767014101778,0.95679012345679,0.968529222864483,0.8076659822039698,0.8249566724436741,0.9075418030141389,0.9753997539975401,0.9326113116726835,0.9251968503937007,0.86509900990099,0.8511450381679388,0.9098903928265706,0.9667294413057125,0.8956469886702444,0.9490651192778853,0.7990626830697128,0.7581521739130435,0.8737312812473197,0.9521502119927316,0.9495694956949571,0.9770408163265306,0.8710570005534034,0.7922848664688427,0.9084204782072931,0.9726443768996961,0.9575384615384616,0.967866323907455,0.8179986568166554,0.8225519287833828,0.9077199495891302,0.9746757257566399,0.926391382405745,0.9282920469361147,0.8798543689320388,0.8507853403141362,0.911999772868935,0.9520807061790668,0.8989958653278205,0.9676190476190477,0.8385236447520185,0.7889518413597735,0.8892342210475453
0.9692017598994344,0.9058553386911596,0.9276139410187667,0.8788052843193567,0.8354253835425383,0.9033803414942511,0.9905362776025236,0.93124246079614,0.9556840077071291,0.8747815958066395,0.859069453809845,0.9222627591444554,0.9589387239418825,0.8839841539332202,0.9122340425531915,0.8831325301204819,0.8532974427994616,0.8983173786696476,0.9504950495049505,0.9031877213695395,0.9466754443712969,0.7890577507598784,0.7706422018348624,0.8720116335681055,0.961869618696187,0.9425149700598803,0.9637305699481865,0.8770726129216696,0.817859673990078,0.9126094891232003,0.9732034104750305,0.9511440940012369,0.9611217335882728,0.8492791612057667,0.8456865127582017,0.9160869824057019,0.9610552763819095,0.9024812463935372,0.9207397622192866,0.872591671845867,0.8440721649484536,0.9001880243578108,0.9487836107554417,0.901591043017089,0.9633911368015414,0.7898734177215191,0.7867830423940148,0.8780844501379212
0.8588754134509372,0.9588014981273408,0.9829867674858223,0.8573256557901472,0.7099023709902371,0.873578341168897,0.9803921568627451,0.9593094944512947,0.9698524695317512,0.8392652123995408,0.7875432525951557,0.9072725171680974,0.9784083898827883,0.9393564356435643,0.929936305732484,0.8279069767441861,0.8424170616113744,0.9036050339228793,0.9490445859872613,0.8820023837902266,0.9337662337662337,0.7147435897435899,0.6044776119402984,0.816806881045522,0.8777464788732395,0.9591078066914498,0.9786700125470514,0.8580729166666666,0.7508440243079001,0.8848882478172615,0.9809932556713672,0.9570552147239264,0.9658725048293625,0.8274285714285713,0.7688022284122562,0.9000303550130968,0.9783817171093269,0.9502831969792322,0.94316052467208,0.8342036553524805,0.8366485834840265,0.9085355355194292,0.9364977549711353,0.9069767441860466,0.9583858764186632,0.7194399569197631,0.6026392961876833,0.8247879257366583
0.949326491340603,0.9439140811455847,0.978343949044586,0.8647023451593506,0.8315926892950393,0.9135759111970329,0.9815404201145767,0.9320619785458879,0.9570871261378413,0.8562980484920164,0.8475689881734559,0.9149113122927556,0.9483088704530951,0.876923076923077,0.8795518207282913,0.8461059190031153,0.8341772151898734,0.8770133804594905,0.9491094147582697,0.872852233676976,0.921105866486851,0.7861409796893667,0.7724590163934426,0.8603335022009813,0.856981981981982,0.9547123623011016,0.9823008849557522,0.8022053756030325,0.7000642260757868,0.8592529661835311,0.9785407725321889,0.9488260084286575,0.9530026109660574,0.768472906403941,0.740979381443299,0.8779643359548288,0.962962962962963,0.9360189573459716,0.9415627051871307,0.7724049000644745,0.7793313069908816,0.8784561665102844,0.9347123464770525,0.863689776733255,0.9225764476252439,0.7052518756698821,0.5860534124629081,0.8024567717936684
0.9569019362898188,0.9343583678296866,0.9730769230769232,0.9043988269794722,0.8565488565488566,0.9250569821449515,0.9773976786805131,0.9526774595267746,0.9640831758034026,0.8896713615023475,0.859481582537517,0.9286622516101111,0.967820279295689,0.9209138840070299,0.9062499999999999,0.8256410256410257,0.8141263940520447,0.8869503165991578,0.9372647427854454,0.826170622193714,0.894202032277346,0.8186101295641932,0.7818428184281843,0.8516180690497765,0.9533291848164281,0.9425837320574162,0.9757033248081841,0.8990719257540604,0.8471737613398466,0.9235723857551872,0.9791921664626683,0.9504337050805451,0.9666876178504085,0.9016786570743405,0.8787675820495646,0.9353519457035053,0.9689592209373098,0.9300947867298578,0.9216342933690557,0.7906976744186047,0.7850122850122849,0.8792796520934225,0.9380863039399624,0.8449809402795425,0.911392405063291,0.8227774549680418,0.7809260539046303,0.8596326316310935
0.96,0.9222676797194622,0.9590110605074821,0.8999414862492686,0.8637602179836511,0.9209960888919728,0.9968808484092326,0.9245939675174014,0.9447368421052631,0.8910411622276031,0.8900732844770153,0.9294652209473031,0.9656464709556528,0.8644251626898047,0.8951724137931034,0.8286384976525822,0.8151320485367594,0.8738029187255806,0.958904109589041,0.919594997022037,0.9610894941634242,0.8260325406758448,0.8241269841269842,0.8979496251154663,0.9550561797752809,0.9272300469483569,0.9690721649484536,0.8617021276595745,0.8027586206896553,0.9031638280042642,0.9797917942437232,0.9449485783424078,0.9606598984771573,0.8739290085679314,0.8523936170212766,0.9223445793304993,0.9658597144630664,0.9077363896848138,0.912043301759134,0.7166556071665561,0.7172995780590716,0.8439189182265284,0.9598021026592455,0.8731861198738171,0.9186189889025894,0.7879924953095684,0.7850348763474954,0.8649269166185432
0.9668956901936291,0.9561510353227771,0.9815873015873016,0.8802395209580838,0.843915343915344,0.9257577783954272,0.9962546816479401,0.942839582052858,0.9524421593830333,0.8393077873918418,0.841577958672511,0.9144844338296368,0.9760589318600369,0.9539800995024876,0.944337811900192,0.8620037807183365,0.8530688158710478,0.9178898879704203,0.8528198074277854,0.8469449485783425,0.9388249545729861,0.8183442525312686,0.7344849648112604,0.8382837855843286,0.9664596273291925,0.962645437844458,0.9848293299620733,0.8892857142857142,0.8521739130434782,0.9310788044929833,0.9925373134328358,0.9503030303030302,0.9576547231270358,0.8509554140127388,0.8564447159437997,0.921579039363888,0.9718482252141982,0.9545171339563863,0.9450830140485313,0.8551461245235071,0.8439235040098705,0.9141036003504988,0.8411843876177658,0.8441479684657368,0.9309927360774819,0.8183442525312686,0.7222946544980443,0.8313927998380596
0.9509043927648578,0.9179190751445088,0.968407479045777,0.8804733727810651,0.8440243079000675,0.9123457255272552,0.9650711513583441,0.8881394041596403,0.9340439706862091,0.8537455410225921,0.8418230563002681,0.8965646247054107,0.9642184557438795,0.9011993146773273,0.9166666666666667,0.8951807228915664,0.8554376657824935,0.9065405651523867,0.9348109517601043,0.8749999999999999,0.9333333333333333,0.8037267080745341,0.7777082028804008,0.8649158392096743,0.9439071566731141,0.9316843345111897,0.978994271164863,0.8732057416267942,0.8275862068965517,0.9110755421745025,0.9523187459177008,0.8914155770324049,0.9361702127659575,0.7938461538461539,0.7944339025932954,0.8736369184311024,0.956091527520099,0.9406727828746178,0.9550706033376124,0.8282582216808768,0.8087855297157623,0.8977757330257937,0.8008241758241758,0.83875,0.9228930065750149,0.8169014084507041,0.6654456654456654,0.8089628512591119
0.8692620569436375,0.9413942011104257,0.9665427509293681,0.8505882352941178,0.6860119047619048,0.8627598298078907,0.9950124688279303,0.9254621347644604,0.9333333333333333,0.8306451612903226,0.8145650708024275,0.8998036338036948,0.9724770642201834,0.9377643504531722,0.9304461942257218,0.843421052631579,0.8487394957983194,0.9065696314657952,0.941398865784499,0.8026845637583893,0.8934240362811791,0.7833622183708839,0.7310924369747899,0.8303924242339482,0.8834003446295232,0.9454770755885997,0.9665427509293681,0.8498212157330156,0.7036215816703622,0.8697725937101739,0.9943995021779715,0.9228007181328545,0.9333333333333333,0.8196531791907515,0.8056300268096515,0.8951633519289124,0.9701037217815742,0.9270644966847499,0.9261920313520574,0.8443271767810027,0.8410876132930513,0.9017550079784872,0.9509241555130656,0.8080536912751677,0.8967082860385924,0.7603399433427762,0.7057991513437059,0.8243650455026615
0.9604086845466155,0.9422962522308149,0.9809402795425667,0.861631419939577,0.8307086614173228,0.9151970595353793,0.9867004433185561,0.9077277970011535,0.9333333333333333,0.8571428571428571,0.8340192043895748,0.903784727037095,0.9706799750467873,0.9137232194557036,0.9214380825565911,0.8785498489425981,0.8578982154659617,0.9084578682935284,0.9439071566731141,0.9032634032634033,0.9829222011385199,0.8029465930018417,0.7866053841103087,0.8839289476374376,0.9589743589743589,0.9415310427968655,0.976889444097439,0.83729662077597,0.8128950695322377,0.9055173072353742,0.9703470031545741,0.9131195335276968,0.9304812834224598,0.7950819672131147,0.7687165775401069,0.8755492729715906,0.9753997539975401,0.9155503785672684,0.918558077436582,0.8762626262626263,0.8520634920634921,0.9075668656655018,0.9298360655737704,0.7746478873239437,0.8872266973532796,0.7524985302763081,0.7096336499321574,0.8107685660918919
0.9502905100064558,0.9604449938195303,0.9799749687108885,0.8708189158016147,0.8221185876082612,0.9167295951893503,0.9919204474829086,0.9459631277813096,0.9578163771712158,0.9048453006421483,0.8921634293369055,0.9385417364828976,0.9730392156862746,0.9416666666666667,0.9327115256495668,0.8671679197994988,0.8585795097423004,0.9146329675088615,0.9483793517406963,0.896260554885404,0.965603502188868,0.7316455696202532,0.7134268537074148,0.8510631664285273,0.9570237331622835,0.9567863664029215,0.9854522454142948,0.8664343786295005,0.8280936454849498,0.91875807381879,0.9925558312655086,0.972101673899566,0.9784537389100126,0.9051266941661756,0.8906666666666667,0.9477809209815858,0.9730392156862746,0.9405469678953627,0.9312875250166779,0.8685857321652066,0.8584015103838892,0.9143721902294821,0.9485783424077434,0.8956310679611649,0.9671419714817111,0.7286153846153847,0.6885694729637235,0.8457072478859455
0.963624760689215,0.9117137911136757,0.9382879893828799,0.8861788617886178,0.8456832087015634,0.9090977223351904,0.9756722151088347,0.9031890660592254,0.9433465085638999,0.8874329958308517,0.8781144781144782,0.9175510527354579,0.9765142150803461,0.9218297625940938,0.9197572488199596,0.8947684906794949,0.8654738237243207,0.9156687081796431,0.958955223880597,0.8333333333333333,0.8571428571428571,0.8083228247162675,0.7981888745148771,0.8511886227175864,0.9406392694063926,0.9404761904761905,0.9723827874116892,0.8154362416107384,0.7337031900138697,0.8805275357837761,0.9777495232040687,0.9243697478991597,0.9610721123165284,0.891844997108155,0.8737201365187713,0.9257513034093366,0.9745815251084935,0.9267441860465117,0.9326217478318879,0.863843648208469,0.8536436007348438,0.9102869415860411,0.9117305458768874,0.8851473241130488,0.95625,0.7070572569906791,0.6715135492399206,0.8263397352441072
0.96137339055794,0.9407452657299938,0.969774919614148,0.8372093023255814,0.8184110970996218,0.9055027950654572,0.9809932556713672,0.9794392523364486,0.9830295411690761,0.9138230190861769,0.8795013850415512,0.947357290660924,0.976,0.9424460431654678,0.9287141905396402,0.8681898066783832,0.8392261507671782,0.9109152382301339,0.8890401633764466,0.8053475935828878,0.9644859813084112,0.7396923076923076,0.644304682040531,0.8085741456001169,0.961916461916462,0.9465930018416207,0.9750479846449136,0.8377504848093084,0.8291488058787507,0.910091347818211,0.97796817625459,0.9721871049304678,0.978274363749224,0.9025641025641025,0.8603667136812412,0.9382720922359252,0.976,0.9400363416111448,0.9260237780713342,0.8812217194570137,0.8418862690707352,0.9130336216420457,0.903820816864295,0.7985270910047343,0.9680250783699058,0.7605095541401273,0.6299435028248588,0.8121652086407841
0.9730745147150909,0.9265138154027044,0.9528795811518325,0.8783943329397875,0.8432432432432432,0.9148210974905316,0.9962546816479401,0.9308700834326579,0.9615877080665813,0.9069908814589666,0.898876404494382,0.9389159518201057,0.97480024585126,0.9211908931698775,0.9237967914438502,0.8793911007025761,0.8351648351648352,0.9068687732664799,0.948701709943002,0.9071555292726197,0.9720457433290979,0.7852998065764023,0.7937694704049845,0.8813944519052214,0.955205047318612,0.9401913875598086,0.9637305699481865,0.8198529411764706,0.778557753669432,0.891507539934502,0.9834050399508297,0.961659333752357,0.9722393584207278,0.9088729016786571,0.8787675820495646,0.9409888431704272,0.9716399506781751,0.9107871720116617,0.9132481506388702,0.807955251709136,0.7645181876196554,0.8736297425314997,0.8786206896551724,0.7536231884057972,0.959451029320025,0.7887154861944778,0.596875,0.7954570787150944
0.9259259259259258,0.9552058111380145,0.9842271293375395,0.80406852248394,0.6811279826464209,0.8701110743063681,0.9975062344139651,0.9285714285714285,0.9333333333333333,0.8928571428571428,0.8994974874371859,0.9303531253226112,0.9701037217815742,0.9013367281985996,0.903786468032278,0.8886241810601548,0.8653333333333333,0.905836886481188,0.9506726457399103,0.8867438867438867,0.9527845036319612,0.7197909862834748,0.7297297297297297,0.8479443504257925,0.9507772020725388,0.9540507859733979,0.9797979797979798,0.8083511777301927,0.7096296296296295,0.8805213550407477,0.994392523364486,0.9272943980929678,0.9333333333333333,0.8724489795918368,0.8793208004851425,0.9213580069735533,0.9659781287970839,0.8845654993514916,0.8895668090298964,0.8966331955109272,0.8662162162162163,0.9005919697811231,0.9533546325878594,0.9086326402016384,0.9677819083023542,0.673740053050398,0.694090382387022,0.8395199233058545
0.9595894804361771,0.9437799043062199,0.9783163265306121,0.8873642081189251,0.8471074380165289,0.9232314714816926,0.9763275751759437,0.9167145318782309,0.9320905459387483,0.889019377568996,0.8732394366197184,0.9174782934363275,0.9590937696664569,0.9163300634737449,0.9329794293297944,0.8850771869639794,0.8326300984528833,0.9052221095773717,0.9507987220447285,0.9076738609112709,0.9661774090619016,0.797717184527584,0.8009858287122613,0.8846706010515493,0.904536222071767,0.9483173076923077,0.9816339455351488,0.8988372093023257,0.8256410256410257,0.9117931420485149,0.9975,0.9344359125812167,0.9333333333333333,0.8304172274562586,0.8564787914003487,0.9104330529542315,0.969993876301286,0.9040097205346295,0.9118773946360152,0.8858006042296072,0.848,0.9039363191403076,0.9440914866581956,0.9097605893186005,0.9649122807017544,0.6415343915343915,0.6642984014209592,0.8249194299267801
0.9720323182100684,0.9636475662353666,0.9791535060012634,0.7430883344571813,0.7591069330199766,0.8834057315847712,0.9975062344139651,0.9321266968325792,0.945698596705308,0.8068251066422913,0.804333970681963,0.8972981210552213,0.9832610043397396,0.934131736526946,0.9398692810457516,0.8769792935444579,0.8569579288025889,0.9182398488518968,0.9371794871794872,0.8719512195121951,0.9464068209500608,0.8138101109741062,0.8046874999999999,0.8748070277231699,0.9577287066246057,0.9660703269586675,0.9785353535353536,0.7518493611297915,0.7579802669762042,0.8824328030449247,0.9981238273921201,0.9411764705882353,0.9531442663378545,0.794352363413137,0.798234552332913,0.8970062960128519,0.9868995633187774,0.9468656716417911,0.9543080939947781,0.878345498783455,0.8602846054333765,0.9253406866344357,0.9315419065898912,0.8859223300970873,0.959608323133415,0.8268864933417882,0.8250950570342205,0.8858108220392804
0.9447300771208227,0.9540507859733979,0.9815873015873016,0.8817080207732255,0.8178137651821862,0.9159779901273868,0.9981261711430357,0.9449877750611246,0.9590937696664569,0.8952042628774423,0.8808080808080808,0.9356440119112279,0.9709228824273073,0.8741066520065971,0.9082256968048946,0.8622540250447227,0.8476912474155754,0.8926401007398195,0.9477040816326531,0.8955223880597015,0.9562948467058057,0.8219832735961768,0.7997302764666218,0.8842469732921917,0.939571150097466,0.9557307459066101,0.9791535060012634,0.7369863013698629,0.7473148671565858,0.8717513141063575,0.9858287122612446,0.9411042944785276,0.9615141955835963,0.7745664739884394,0.7713395638629283,0.8868706480349472,0.9490445859872613,0.8836950473010573,0.9040163376446562,0.8694581280788177,0.8402597402597403,0.8892947678543066,0.933852140077821,0.8726851851851852,0.9650436953807741,0.784313725490196,0.8016979987871437,0.871518548984224
0.9554707379134859,0.953939393939394,0.984848484848485,0.7934978928356411,0.75146771037182,0.8878448439817653,0.9864197530864197,0.9647201946472019,0.967741935483871,0.8187211601845747,0.8256440982624326,0.9126494283328999,0.9653916211293261,0.9374588545095457,0.9357011635027557,0.8598917618761275,0.834850455136541,0.9066587712308593,0.9196428571428571,0.8627692307692306,0.9451476793248946,0.667095115681234,0.6520100502512562,0.8093329866338945,0.9527458492975734,0.9521502119927316,0.9835651074589128,0.7973699940227137,0.7486910994764397,0.8869044524496742,0.9906890130353817,0.9598051157125458,0.9650711513583441,0.8125,0.8216216216216216,0.9099373803455787,0.963680387409201,0.9400131839156228,0.9399509803921569,0.846869187848729,0.8322824716267339,0.9045592422384886,0.9147982062780269,0.8567946374162096,0.9434416365824307,0.6837180286961946,0.6457925636007827,0.808909014514729
0.9529942047649711,0.9395017793594306,0.9822335025380711,0.8310038119440913,0.8094351334574799,0.9030336864128087,0.98989898989899,0.9427052569403426,0.9557291666666666,0.8528645833333334,0.8588734100545123,0.920014281378769,0.9701492537313433,0.942364824717766,0.947780678851175,0.8861689106487147,0.8671419313026573,0.9227211198503312,0.946896992962252,0.8958210712183639,0.9628681177976953,0.7520713830465264,0.7641568139390168,0.8643628757927708,0.9381912817176317,0.9444776119402986,0.978994271164863,0.7813620071684588,0.7180816591056383,0.8722213662193781,0.9746757257566399,0.9535304767652384,0.9576547231270358,0.8166226912928761,0.8069336521219367,0.9018834538127454,0.9630526953361599,0.9602564102564104,0.9525593008739076,0.8175277959450621,0.8166465621230398,0.9020085529069158,0.8944658944658945,0.8464780252859724,0.9451476793248946,0.6323337679269883,0.6080402010050251,0.7852931136017549
0.9569557080474111,0.953095684803002,0.9516819571865445,0.8284671532846715,0.7899934167215273,0.8960387840086314,0.9779951100244498,0.9408284023668638,0.9438943894389439,0.8528164748637189,0.8196286472148542,0.9070326047817662,0.9734403953057443,0.9603416717510678,0.9634849455477258,0.8718905472636816,0.8506039415130324,0.9239523002762504,0.9424414927261228,0.8627671541057368,0.9030054644808744,0.7381745502998002,0.7577565632458233,0.8408290449716714,0.9524397776405189,0.9450277949351452,0.940289126335638,0.8326232501521607,0.7984293193717278,0.893761853687038,0.9803921568627451,0.9459298871063577,0.9459815546772068,0.8562538892345986,0.8320512820512821,0.9121217539864381,0.9771463866584311,0.9469240048250904,0.9466840052015605,0.8778718258766626,0.8569562377531025,0.9211164920629695,0.9419924337957125,0.870254957507082,0.9154834347532116,0.7251389746757257,0.7092198581560284,0.8324179317775521
0.9670468948035489,0.9178800232964474,0.9431968295904887,0.8718251624335499,0.8317757009345795,0.9063449222117229,0.9962358845671266,0.9003939223410242,0.9347536617842875,0.8506731946144431,0.8613529805760214,0.9086819287765805,0.9632911392405064,0.8896321070234114,0.9190283400809717,0.8773642464917633,0.855813953488372,0.901025957265005,0.9489603024574669,0.8372093023255814,0.8708539167254764,0.7842138765117759,0.7791878172588833,0.8440850430558368,0.940736119775421,0.9338146811070999,0.9512820512820513,0.8266832917705736,0.7791215786123488,0.8863275445094989,0.9767441860465116,0.9408983451536643,0.9417989417989417,0.8154269972451791,0.8222222222222223,0.8994181384933038,0.9464968152866242,0.875,0.9174311926605505,0.8626476072094469,0.8352638352638352,0.8873678900840914,0.94529262086514,0.8555555555555556,0.8973121984838043,0.6706161137440759,0.6165211551376764,0.7970595287572503
0.9578686493184635,0.9432799013563502,0.9532710280373832,0.8822857142857142,0.8246983676366217,0.9122807321269064,0.9937733499377336,0.9616858237547892,0.9764267990074442,0.8310552214324768,0.7887527036770007,0.9103387795618889,0.9784349969192851,0.9491307147456535,0.9485570890840652,0.8374083129584352,0.8180677540777918,0.9063197735570462,0.8823181549379064,0.9192852741836106,0.9769757311761046,0.81068524970964,0.7015475313190862,0.8581623882652696,0.9648798521256932,0.9431396786155749,0.9640831758034026,0.8840413318025259,0.8377622377622377,0.9187812552218869,0.9956440572495334,0.9602564102564104,0.9722735674676525,0.8654292343387471,0.8506056527590848,0.9288417844142857,0.9784349969192851,0.9541984732824428,0.953105196451204,0.8299065420560748,0.8150431565967939,0.9061376730611601,0.8777318369757826,0.9104385423100679,0.9757613424487259,0.7809419496166483,0.6225059856344772,0.8334759313971404
0.9642184557438795,0.9017142857142857,0.9254533243787776,0.871559633027523,0.8202247191011236,0.8966340835931178,0.9930947897049592,0.9093064611736811,0.9360051712992891,0.8600118133490845,0.8405405405405405,0.9077917552135109,0.9748311847759361,0.929876252209782,0.937748344370861,0.8886138613861386,0.8617571059431524,0.9185653497371741,0.9494310998735777,0.8613138686131386,0.9018531228551819,0.7574832009773976,0.7491898898250162,0.8438542364288625,0.9580463368816532,0.9182242990654206,0.9496402877697843,0.8819804260218769,0.8182456140350877,0.9052273927547645,0.9875311720698254,0.9363017934446506,0.9591451917033312,0.8290155440414508,0.7953135768435561,0.9014614556205628,0.9784349969192851,0.9462759462759462,0.9373764007910349,0.7779710144927536,0.7294589178356714,0.8739034552629382,0.8754491017964072,0.905727923627685,0.9689283449587824,0.8082191780821919,0.7437117607070021,0.8604072618344136
0.9138991389913899,0.9433734939759036,0.9798994974874371,0.8789289871944121,0.7905982905982906,0.9013398816494866,0.987012987012987,0.8969210174029452,0.9144196951934348,0.8707395498392283,0.8636363636363636,0.9065459226169916,0.9722050648548487,0.9615384615384615,0.9565217391304348,0.8695652173913043,0.853216739537789,0.9226094444905676,0.9428750784682987,0.7838730998017185,0.8774341351660939,0.7206703910614525,0.7680652680652681,0.8185835945125663,0.9405878674171357,0.9495192307692307,0.9810126582278481,0.8960657662947739,0.8404401650618981,0.9215251375541773,0.9839704069050556,0.9739130434782608,0.9804416403785489,0.8547120418848168,0.854380664652568,0.92948355945985,0.9771463866584311,0.9600507292327203,0.9543464665415884,0.8739290085679314,0.8542329726288987,0.923941112725914,0.9516635279347143,0.7706543291473892,0.8677309007981756,0.7419575633127995,0.7742703990470519,0.821255344048026
0.9483088704530951,0.9273153575615476,0.9724182168056448,0.8567946374162096,0.8238375900458416,0.9057349344564676,0.975796178343949,0.9289044289044288,0.9618616677440207,0.8886153846153845,0.8780804150453955,0.9266516149306357,0.9540591567023284,0.8978102189781021,0.9263420724094881,0.8842231553689263,0.8544726301735648,0.9033814467264819,0.9459631277813096,0.8892713711990821,0.9501965923984274,0.7891070297656745,0.7891070297656745,0.8727290301820336,0.891566265060241,0.898927159796725,0.9796696315120711,0.8794826572604351,0.821917808219178,0.8943127043697301,0.9919204474829086,0.9516129032258065,0.9689054726368159,0.8689477081988379,0.8766954377311961,0.9316163938551131,0.9657320872274143,0.9435382685069009,0.9402795425667091,0.8487928843710293,0.8287961282516637,0.9054277821847435,0.9383343928798474,0.7552356020942409,0.8652321630804076,0.7351567711807873,0.7527539779681762,0.8093425814406919
0.9631940112289457,0.963467492260062,0.9817265280403277,0.8800959232613909,0.8461034708578913,0.9269174851297237,0.9533073929961089,0.9166173861620343,0.964720974983964,0.7821409359870898,0.7057079318013343,0.8644989243861062,0.9712889431887598,0.9411050394656951,0.9281476598549768,0.8728179551122195,0.8664576802507837,0.9159634555744871,0.9393548387096774,0.8968395945140131,0.9665615141955836,0.7889098928796471,0.7870081199250468,0.8757347920447937,0.9538850284270373,0.9650872817955113,0.9787234042553192,0.8896839594514013,0.847854356306892,0.9270468060472322,0.9593810444874276,0.9309309309309309,0.975269499048827,0.7783783783783784,0.7030213706705969,0.8693962447032323,0.9742962056303549,0.9576946658491723,0.94578706727629,0.8722741433021807,0.8692933083176986,0.9238690780751391,0.9348109517601043,0.8762347472399767,0.9412524209167205,0.8012121212121212,0.7852522639068564,0.8677525010071558
0.9592356687898089,0.9284037558685446,0.9623865110246433,0.8747815958066395,0.8357191547375596,0.9121053372454392,0.9763275751759437,0.9044430919050518,0.9554455445544553,0.8995271867612293,0.8869448183041723,0.9245376433401704,0.9564668769716088,0.8945290468133108,0.9027872195785179,0.8876543209876544,0.8652482269503546,0.9013371382602893,0.9351491569390402,0.858411993337035,0.9292389853137517,0.7816236626809313,0.7834394904458599,0.8575726577433237,0.9546325878594248,0.9589712186160441,0.9796437659033079,0.8738684369342185,0.8340750158931975,0.9202382050412385,0.9397116644823067,0.8403263403263402,0.9467889908256881,0.8094701240135286,0.6968124536693848,0.8466219146634497,0.967113276492083,0.9308919078558772,0.9200805910006716,0.8554838709677419,0.8487084870848709,0.9044556266802489,0.9361147327249021,0.8882318154937906,0.9598981540420114,0.736778846153846,0.7077922077922078,0.8457631512413516
0.9602977667493796,0.9642416769420468,0.9848293299620733,0.8413793103448276,0.7853185595567868,0.9072133287110228,0.9937888198757764,0.933246921581335,0.9498777506112469,0.8799019607843137,0.8815706143128563,0.9276772134331057,0.9863013698630136,0.9201166180758017,0.9122807017543859,0.8589420654911839,0.8527035425730267,0.9060688595514823,0.9662369551872314,0.8867812685240072,0.9143239625167336,0.7593790426908149,0.7627737226277372,0.8578989903093049,0.9042236763831052,0.9600491702519975,0.9829652996845426,0.8665511265164644,0.7369186046511628,0.8901415754974547,0.9944064636420137,0.9444089456869009,0.9497549019607844,0.8703819661865998,0.8666249217282405,0.9251154398409079,0.9802469135802468,0.924072984108299,0.9103169251517195,0.8536895674300254,0.8487084870848709,0.9034069754710322,0.9336609336609336,0.877030162412993,0.914822266934943,0.7706885660138977,0.7496823379923762,0.8491768534030287
0.9660804020100503,0.9442780107849011,0.9711353431686979,0.8649912331969608,0.8127978216473791,0.9118565621615979,0.9968847352024921,0.954601226993865,0.9683544303797469,0.9019607843137254,0.8908122503328896,0.9425226854445438,0.981772470144563,0.8910005589714924,0.9004804392587509,0.8500881834215168,0.8016415868673051,0.8849966477327257,0.95125,0.8695163104611924,0.9142471303173532,0.7976261127596439,0.7568681318681318,0.8579015370812644,0.9416983523447403,0.9523809523809523,0.9817265280403277,0.8331415420023016,0.7593880389429764,0.8936670827422597,0.9931634555624611,0.9486215538847118,0.957972805933251,0.7851037851037852,0.7628330084470435,0.8895389217862505,0.9796672828096119,0.9140534262485481,0.9004092769440656,0.8185430463576159,0.8302561048243001,0.8885858274368283,0.9354632587859425,0.8818807339449541,0.9190283400809717,0.7735495945102931,0.7584059775840596,0.8536655809812442
0.9674247080516288,0.9614427860696518,0.9822335025380711,0.7982619490999381,0.7782002534854247,0.8975126398489428,0.9691912708600771,0.9079328314997105,0.9340439706862091,0.8637837837837837,0.8255131964809386,0.9000930106621438,0.9809160305343511,0.9346674514420247,0.9437172774869109,0.8867812685240072,0.8586525759577279,0.9209469207890044,0.9546599496221663,0.8961937716262977,0.9624352331606219,0.7508261731658955,0.7661937075879087,0.866061767032578,0.9644171779141105,0.9638854296388544,0.9841671944268524,0.7884733292458613,0.758043758043758,0.8917973778538872,0.9706632653061225,0.9182027649769585,0.9333333333333333,0.873224043715847,0.8272327964860908,0.9045312407636704,0.9690721649484536,0.9342723004694836,0.9538661468486029,0.882138517618469,0.8659397049390635,0.9210577669648145,0.9525032092426188,0.8876146788990825,0.9617627997407647,0.7389033942558747,0.7627849661121381,0.8607138096500958
0.9545745361484326,0.9383886255924171,0.9809402795425667,0.8453105968331304,0.8088714938030006,0.9056171063839094,0.9651612903225807,0.8871420550252667,0.9333333333333333,0.8576664630421502,0.8498694516971279,0.8986345186840916,0.9572538860103627,0.8620876149269875,0.9153689911983751,0.8880597014925373,0.8357424441524312,0.8917025275561389,0.9523809523809523,0.8817204301075268,0.9495081967213115,0.8095238095238096,0.7950553025374105,0.8776377382542021,0.9580686149936467,0.9478729778310366,0.9816571790006325,0.7767584097859327,0.735885788449059,0.8800485940120616,0.9887218045112782,0.9093009820912766,0.9333333333333333,0.872989462007765,0.8306569343065694,0.9070005032500446,0.9604153147306944,0.9043576683644595,0.9334221038615179,0.8719153936545241,0.846774193548387,0.9033769348319166,0.9254125412541254,0.8728291316526611,0.9617627997407647,0.7183946488294315,0.7496991576413959,0.8456196558236758
0.9657747355320472,0.9576587795765878,0.975,0.8256642903434867,0.8163017031630171,0.9080799017230277,0.9809932556713672,0.9635577516985794,0.9737683941138836,0.8863109048723897,0.8585099111414901,0.932628043499542,0.9760295021511985,0.957920792079208,0.9607097591888466,0.8761667703795893,0.8562340966921119,0.9254121840981909,0.9588875453446191,0.8367626886145405,0.9030760301799187,0.8277511961722489,0.8077695914266578,0.8668494103475971,0.955076923076923,0.9509011808576756,0.977890082122552,0.8208762886597938,0.8068669527896996,0.9023222855013289,0.9803921568627451,0.9603469640644361,0.9743918053777209,0.8836104513064132,0.8673740053050397,0.933223076583271,0.9760589318600369,0.9508196721311476,0.9523212045169385,0.8588661037394452,0.8401826484018264,0.9156497121298789,0.9653073645769933,0.8985507246376813,0.9475587703435805,0.822754491017964,0.8119205298013245,0.8892183760755088
0.9678638941398866,0.9398451459201906,0.9684887459807074,0.8406862745098038,0.8183581124757595,0.9070484346052696,0.9757033248081841,0.9333333333333332,0.9568020631850419,0.8771719592570402,0.8625904010519396,0.9211202163271077,0.9738805970149255,0.9165701042873696,0.9202947086403215,0.8703374777975132,0.8315363881401617,0.9025238551760583,0.953125,0.9389265885256015,0.9699296225207933,0.7416719044626022,0.7200512491992312,0.8647408729416457,0.9507174048658765,0.9447480267152399,0.9527410207939508,0.8512756689483509,0.820051413881748,0.9039067070410333,0.957340025094103,0.9071925754060325,0.9358889623265038,0.8002450980392157,0.7703318152244631,0.8741996952180636,0.9721706864564007,0.8532792427315753,0.8830715532286213,0.8379888268156425,0.8246505717916136,0.8742321762047707,0.95593635250918,0.8651535380507345,0.9192399049881235,0.7915632754342431,0.7849872773536894,0.863376069667194
0.9642633228840125,0.9575906576521204,0.9841671944268524,0.8396846254927727,0.8443649373881932,0.9180141475687902,0.9815950920245399,0.9746444032158318,0.978481012658228,0.8096446700507614,0.7977457733249844,0.908422190254869,0.9759704251386321,0.9521472392638036,0.9420195439739414,0.891523414344991,0.8668852459016394,0.9257091737246016,0.9640024405125076,0.883289124668435,0.9385074626865672,0.7446808510638299,0.718707940780619,0.8498375639423918,0.9609571788413097,0.9558823529411764,0.9829005699810005,0.8731861198738171,0.8613861386138614,0.926862472050233,0.9821976672805403,0.9710055521283159,0.973968253968254,0.8160493827160495,0.7935691318327974,0.9073579975851914,0.9783817171093269,0.9406620861961273,0.932649134060295,0.8804283164782868,0.8545454545454545,0.917333341677898,0.9582309582309583,0.8897535667963684,0.9441441441441442,0.7615062761506276,0.7345844504021448,0.8576438791448487
0.9652996845425867,0.9443447037701975,0.9757033248081841,0.8588957055214724,0.823225806451613,0.9134938450188108,0.9987484355444306,0.9290780141843973,0.9534282018111255,0.8792270531400966,0.863395225464191,0.9247753860288482,0.9713216957605985,0.9190751445086704,0.9146341463414636,0.8856624319419238,0.8536109303838646,0.9088608697873042,0.965389369592089,0.9091995221027479,0.9553398058252427,0.7215025906735751,0.7337862878319951,0.85704351520513,0.9279161205766709,0.9532483302975107,0.9777211966900063,0.8370860927152318,0.8167239404352805,0.90253913614294,0.9785407725321889,0.9647058823529412,0.9702343255224826,0.805860805860806,0.7768379960962914,0.899235956472942,0.9719975108898569,0.944815039417829,0.9413315754779169,0.8638083228247163,0.8397318708104813,0.9123368638841601,0.9534313725490197,0.8877551020408163,0.9406727828746178,0.7441860465116278,0.7137096774193549,0.8479509962790873
0.9489671931956256,0.9512349588347055,0.9702602230483272,0.8772969768820391,0.8358208955223881,0.9167160494966172,0.9852216748768473,0.9595519601742377,0.97015873015873,0.8029647930821495,0.7936507936507936,0.9023095903885516,0.984848484848485,0.9411019632678911,0.9575757575757576,0.8815461346633416,0.8704990524320909,0.9271142785575133,0.939714108141703,0.9172839506172838,0.9694323144104804,0.6685714285714286,0.5867418899858956,0.8163487383453583,0.9611829944547134,0.9592476489028213,0.974422956955708,0.8817587641117053,0.8449197860962566,0.924306430104241,0.9815950920245399,0.9598997493734336,0.9722222222222222,0.7921169739351557,0.7915893630179345,0.8994846801146572,0.9867340492735313,0.9180952380952382,0.9435096153846154,0.8670886075949367,0.8523153942428034,0.913548580918225,0.9486068111455109,0.9217707701637355,0.9746192893401014,0.6952646239554319,0.5948717948717949,0.827026657895315
0.9729048519218652,0.8801791713325867,0.8904299583911235,0.8437689969604862,0.8233766233766234,0.8821319203965369,0.9879822896900696,0.9304812834224598,0.957764782326186,0.8410317936412718,0.8313725490196078,0.909726539619919,0.9861111111111112,0.9131238447319778,0.9465273509526736,0.8862131246237207,0.851827242524917,0.9167605347888801,0.942839582052858,0.9040284360189573,0.9494418910045962,0.6978375219170075,0.6368022053756031,0.8261899272738045,0.9580686149936467,0.9334960341671751,0.9708617482951023,0.8714810281517749,0.8467532467532468,0.9161321344721891,0.9810844892812106,0.9049382716049383,0.9247311827956989,0.7718880285884456,0.758800521512386,0.8682884987565359,0.9841872232764074,0.8429423459244534,0.8928366762177651,0.8313253012048193,0.829443447037702,0.8761469987322293,0.9432035737077217,0.8956982911019445,0.9703095388502844,0.5712530712530712,0.5403278688524591,0.7841584687530962
0.9769470404984423,0.9646017699115045,0.9836477987421384,0.8892944038929441,0.8625712476250791,0.9354124521340218,0.9950124688279303,0.9753997539975401,0.9841269841269841,0.8135223555070883,0.7479794268919913,0.9032081978703068,0.9857761286332715,0.947172156619018,0.9523204068658614,0.8639258830341633,0.8398914518317503,0.9178172053968129,0.9460632362058277,0.8869123252858958,0.9427527405602923,0.8248309772587584,0.8134715025906737,0.8828061563802895,0.9752168525402727,0.9386973180076629,0.9841872232764074,0.8469791078486731,0.7697547683923704,0.9029670540130772,0.9931549471064096,0.9748620478234212,0.9789674952198854,0.8289017341040462,0.7928913192071086,0.9137555086921743,0.9772866789441375,0.9590937696664569,0.9631019387116948,0.8409767718880286,0.8138297872340425,0.9108577892888721,0.9584352078239609,0.9022082018927445,0.944686140459913,0.8108791903858318,0.8080553807426054,0.8848528242610112
0.96625,0.9364230540701128,0.967741935483871,0.8584686774941994,0.8080388080388081,0.9073844950173984,0.9937106918238994,0.9341246290801187,0.9744572158365262,0.8267716535433071,0.779145546705286,0.9016419473978277,0.9804169298799748,0.9137931034482759,0.9313790806129247,0.8744239631336406,0.8138888888888889,0.9027803931927411,0.9602932193036041,0.8603227601558152,0.8684582743988684,0.7810218978102189,0.7506631299734747,0.8441518563283962,0.9725,0.9595588235294118,0.9835234474017744,0.7265491756679932,0.644304682040531,0.8572872257279421,0.9713193116634801,0.9252501471453797,0.9737010904425913,0.8298940323480201,0.7753623188405797,0.8951053800880102,0.9710691823899371,0.9122373300370828,0.9380421313506815,0.8233861144945189,0.796875,0.888321951654444,0.9460122699386503,0.8917910447761195,0.939639079029247,0.7439104674127717,0.7493887530562348,0.8541483228426046
0.9291617473435655,0.9543209876543209,0.9396951623591783,0.8903878583473861,0.8354792560801144,0.9098090023569131,0.9732034104750305,0.9801980198019802,0.9861635220125786,0.8949880668257756,0.8590785907859079,0.9387263219802545,0.9700305810397554,0.9282595134123519,0.9335839598997493,0.8583333333333333,0.8209959623149394,0.9022406700000257,0.9526153846153848,0.9026548672566372,0.9466754443712969,0.6626666666666667,0.6947621914509332,0.8318749108721836,0.917824074074074,0.955242182709994,0.9085948158253752,0.881243063263041,0.8244719592134014,0.8974752190171771,0.9809699201964396,0.9720194647201946,0.9756722151088347,0.8902439024390244,0.8655737704918033,0.9368958545912595,0.9736034376918354,0.9209707529558184,0.93125,0.8891495601173021,0.8498971898560658,0.9129741881242044,0.9590214067278288,0.9093064611736811,0.9495081967213115,0.6973595125253894,0.7303102625298329,0.8491011679356087
0.9632911392405064,0.9339622641509434,0.9737010904425913,0.8470171293561723,0.8002717391304347,0.9036486724641297,0.9912060301507537,0.9345238095238095,0.9672867222578576,0.8640776699029127,0.8547008547008548,0.9223590173072376,0.9771745835903763,0.9304812834224598,0.9483204134366925,0.8808664259927798,0.8384925975773889,0.9150670608039394,0.9476340694006309,0.8608017817371938,0.9048596851471595,0.7132442284325639,0.6865079365079365,0.8226095402450969,0.9581511555277951,0.9398451459201906,0.9637305699481865,0.8886324293133295,0.8482328482328483,0.91971842978847,0.9753694581280788,0.9257950530035336,0.9632495164410058,0.8964662120272784,0.8771466314398944,0.9276053742079582,0.9711124769514444,0.9088639200998752,0.9225046497210166,0.8440366972477064,0.7509578544061303,0.8794951196852346,0.9399873657612129,0.8819167142042214,0.9424983476536682,0.6718648473034438,0.6836228287841192,0.8239780207413331
0.9681449094316054,0.9503030303030302,0.9717586649550706,0.8053855569155447,0.7732819524727037,0.8937748228155908,0.9968730456535334,0.9628275441803779,0.967741935483871,0.8796471329552615,0.884781269254467,0.9383741855055022,0.9808286951144094,0.9351576442593694,0.9402495075508864,0.8689407540394973,0.8421750663129973,0.9134703334554319,0.9501278772378516,0.88504326328801,0.9502762430939227,0.8319649698960043,0.7782672540381792,0.8791359215107937,0.9549104385423102,0.9660284126003706,0.9724182168056448,0.804306523115896,0.7869458128078818,0.8969218807744207,0.9974968710888611,0.9597069597069596,0.9664516129032259,0.8771483131763208,0.8849665246500303,0.9371540563050795,0.9742014742014743,0.9435096153846154,0.943864229765013,0.8629213483146067,0.8094555873925501,0.9067904510116518,0.9613189600507294,0.8906832298136647,0.9373060211049037,0.8427601809954751,0.8089260808926081,0.8881988945714763
0.9698492462311558,0.9211908931698775,0.9508196721311475,0.8712166172106826,0.8336700336700336,0.9093492924825793,0.9756722151088347,0.9291521486643437,0.9549314173742652,0.8900709219858156,0.8734092431346282,0.9246471892535776,0.9716088328075709,0.9140893470790378,0.9362549800796812,0.8934667451442025,0.8483606557377049,0.9127561121696396,0.9622641509433963,0.8882455124493341,0.9304812834224598,0.7907822922983625,0.7750325097529259,0.8693611497732958,0.9675405742821473,0.9619631901840491,0.9815638906547998,0.7572178477690289,0.7564332734889287,0.8849437552757908,0.9617131732641142,0.9118505545826037,0.9530026109660574,0.8528301886792453,0.8657635467980296,0.9090320148580101,0.982021078735276,0.9425695677915927,0.9515072083879423,0.824945295404814,0.7410714285714286,0.8884229157782106,0.8928809048569528,0.884160756501182,0.9550917141049969,0.8084358523725835,0.7396176664469347,0.85603737885653
0.9510403916768666,0.9542645241038319,0.9793362554790231,0.8357870894677235,0.7552346570397113,0.8951325835534313,0.9962593516209476,0.9591078066914498,0.9713558243157225,0.895080023710729,0.8910761154855642,0.9425758243648826,0.9713937918441876,0.9483088704530951,0.9486215538847118,0.8751500600240096,0.8573298429319371,0.9201608238275882,0.955334987593052,0.8894952251023193,0.9395017793594306,0.8265598168288495,0.7790463398253861,0.8779876297418073,0.9656019656019655,0.9543464665415884,0.9739454094292804,0.8014311270125224,0.7506738544474395,0.8891997646065591,0.9882352941176471,0.9509803921568627,0.9600515463917526,0.8942992874109265,0.882003955174687,0.9351140950503752,0.9713937918441876,0.9695463020509634,0.9659163987138264,0.8574793875147233,0.8267558528428094,0.9182183465933019,0.9363295880149813,0.880108991825613,0.9418052256532067,0.8277909738717341,0.796414852752881,0.8764899264236832
0.9580686149936467,0.9499094749547375,0.9797211660329531,0.8860759493670887,0.8286304198210599,0.9204811250338971,0.9987484355444306,0.9427052569403426,0.9698137443802183,0.8905021173623714,0.8792528352234823,0.936204477890169,0.9886934673366835,0.9170052234474754,0.9248322147651007,0.8751445086705203,0.8109215017064847,0.9033193831852527,0.9565217391304348,0.8909512761020881,0.925033467202142,0.787878787878788,0.7647831800262812,0.8650336900679468,0.9612307692307692,0.9574861367837338,0.9792843691148776,0.8384572386808273,0.7591240875912407,0.89911652028029,0.995627732667083,0.9300411522633746,0.9333333333333333,0.8860759493670886,0.8784925276153347,0.9247141390492428,0.9748311847759361,0.9469188529591214,0.9396325459317585,0.8236714975845411,0.7899484536082475,0.8950005069719209,0.9404990403071017,0.8986842105263158,0.9498489425981872,0.8236700537955768,0.7879169288860918,0.8801238352226546
0.9650092081031308,0.9639751552795031,0.9804169298799748,0.8302325581395348,0.7805212620027436,0.9040310226809775,0.9975062344139651,0.9645042839657283,0.9723827874116892,0.88358886996025,0.8614958448753461,0.9358956041253957,0.967702620353443,0.9395235186316433,0.9388280746941405,0.7948193592365372,0.8037602820211516,0.888926770987383,0.9456118665018541,0.8659916617033948,0.9142857142857144,0.7130647130647132,0.6780327868852459,0.8233973484881846,0.9650521152667075,0.9631480324797003,0.9842271293375395,0.8343337334933972,0.7976268951878708,0.9088775811530432,0.9925558312655086,0.9760295021511985,0.9796178343949045,0.8714837286265859,0.8258345428156749,0.9291042878507745,0.9748311847759361,0.9359129383313181,0.9364461738002594,0.8560509554140127,0.842367601246106,0.9091217707135264,0.9544034978138662,0.8785714285714284,0.9142857142857144,0.6690433749257277,0.6163101604278075,0.8065228352049089
0.9526248399487836,0.9032627361190612,0.924731182795699,0.8422960725075529,0.7932816537467698,0.8832392970235733,0.9937106918238994,0.9076396807297605,0.9469548133595285,0.8473557692307692,0.8409556313993174,0.9073233173086551,0.9693941286695815,0.8905027932960895,0.8928818244644091,0.8886283704572099,0.8489010989010989,0.8980616431576778,0.9670602858918583,0.8733031674208144,0.9018531228551819,0.7735849056603774,0.7703045685279188,0.8572212100712302,0.973308504034761,0.9569495694956949,0.9809402795425667,0.8048498845265588,0.7536032944406315,0.8939303064080426,0.9919404835709857,0.9210220673635309,0.9562948467058057,0.8842350203606748,0.8605803255484785,0.9228145487098951,0.9638403990024937,0.9222614840989399,0.9455958549222798,0.8797583081570998,0.8392261507671782,0.9101364393895983,0.9493670886075949,0.8852459016393444,0.9229756418696511,0.6759098786828422,0.6019151846785227,0.807082739095591
0.9554300062774639,0.9574209245742092,0.982367758186398,0.8829240434037693,0.8258426966292134,0.9207970858142107,0.9791921664626683,0.9695841092489137,0.9760101010101009,0.8789013732833958,0.864244741873805,0.9335864983757767,0.9701492537313433,0.9448621553884713,0.9411019632678911,0.8779035139964264,0.8582574772431729,0.918454872725461,0.9699570815450644,0.9122373300370828,0.9511568123393317,0.7388613861386139,0.7295756808106396,0.8603576581741466,0.9541169076052797,0.9580036518563604,0.9811320754716981,0.8826559816828848,0.8271518544436669,0.920612094211978,0.989486703772418,0.9733746130030959,0.9797724399494311,0.8753148614609572,0.8698372966207758,0.9375571829613356,0.9720323182100684,0.9419113054341036,0.9392405063291138,0.8835534213685474,0.8626943005181348,0.9198863703719935,0.9635036496350365,0.9068923821039904,0.9425587467362925,0.7135325131810193,0.6616541353383457,0.8376282853989369
0.95,0.9434187016081002,0.9828571428571428,0.8728121353558926,0.8165760869565218,0.9131328133555314,0.9905482041587901,0.9207100591715975,0.9468223086900129,0.8518738845925046,0.8346666666666666,0.9089242246559144,0.9526854219948849,0.908157444381061,0.9297658862876255,0.8611422172452409,0.7988587731811696,0.8901219486179964,0.9488313329121921,0.8606329816768463,0.8995873452544705,0.7738814993954051,0.7506631299734747,0.8467192578424779,0.9383517196625568,0.949010197960408,0.9797979797979798,0.8600237247924082,0.8068331143232588,0.9068033473073223,0.9791411042944784,0.9510835913312694,0.961298377028714,0.8582278481012657,0.8442466624284806,0.9187995166368416,0.9623115577889447,0.9319929036073329,0.9465449804432855,0.8699878493317132,0.8471047495120363,0.9115884081366625,0.9598051157125458,0.8913813459268004,0.9235880398671096,0.6296296296296295,0.6264908976773383,0.8061790057626846
0.9622758194186765,0.9625396825396826,0.975,0.8858981860737273,0.8418945963975984,0.925521656885937,0.9833641404805916,0.932142857142857,0.9342192691029901,0.8669950738916256,0.8102564102564103,0.9053955501748949,0.9718482252141982,0.9514807813484563,0.949088623507228,0.8442265795206971,0.7736686390532546,0.8980625697287669,0.9533615990308905,0.8879518072289156,0.9205515430072226,0.7775467775467776,0.8020893789901334,0.868300221160788,0.9644859813084112,0.9685534591194969,0.9798994974874371,0.8829353523587653,0.838235294117647,0.9268219168783516,0.9894606323620583,0.9299287410926365,0.9333333333333333,0.8919071873231464,0.862116991643454,0.9213493771509257,0.9742331288343559,0.9559826410415375,0.9548633184996821,0.8387096774193548,0.7675276752767527,0.8982632882143367,0.9615619280048809,0.8990267639902677,0.9352517985611511,0.7857142857142857,0.8098591549295774,0.8782827862400325
0.97625,0.9608323133414932,0.9791535060012634,0.884549109707065,0.8474341192787795,0.9296438096657202,0.9756722151088347,0.8786381109280614,0.9340439706862091,0.8268424206111444,0.8431237042156186,0.8916640843099737,0.9692404268675455,0.8994770482277746,0.9340232858990944,0.8597914252607185,0.8274398868458274,0.8979944146201921,0.9637046307884856,0.8782707622298065,0.9196488858879136,0.8122270742358079,0.8064102564102563,0.876052321910454,0.9611528822055138,0.9253910950661854,0.982367758186398,0.8880866425992779,0.8083109919571045,0.913061874002896,0.9731417863835103,0.9348209042865532,0.9333333333333333,0.9030760301799187,0.8553971486761711,0.9199538405718972,0.9784083898827883,0.9356060606060606,0.940809968847352,0.8632429313329487,0.8085106382978724,0.9053155977934044,0.9486068111455109,0.8898104265402843,0.9200000000000002,0.7494795281054824,0.7870159453302962,0.8589825422243148
0.9217707701637355,0.9568389057750759,0.9829652996845426,0.8494911622924478,0.7081339712918661,0.8838400218415338,0.9893148962916405,0.9553140096618358,0.9652061855670103,0.9129383313180168,0.907563025210084,0.9460672896097175,0.9893683552220137,0.9533050333535477,0.9533073929961089,0.8576709796672828,0.8607435412728419,0.922879060502359,0.90625,0.8396846254927727,0.9266001174398121,0.818421052631579,0.797583081570997,0.8577077754270321,0.9035779260157673,0.9493975903614459,0.9798234552332913,0.8544857768052516,0.7063429913860612,0.8787255479603634,0.995,0.9583843329253365,0.968529222864483,0.8963007883565797,0.8948717948717948,0.9426172278036388,0.9802224969097652,0.9557307459066101,0.9536855838225701,0.8815628815628815,0.8732394366197184,0.9288882289643091,0.9288437102922489,0.8416230366492146,0.9194591416813639,0.8131147540983606,0.80622009569378,0.8618521476829937
0.9422452952628163,0.9186381996537797,0.9697359948486799,0.9048178613396005,0.8701563562202582,0.9211187414650269,0.9690721649484536,0.923611111111111,0.9523187459177008,0.9173652694610778,0.9084924292297565,0.9341719441336198,0.9545163356822549,0.9150779896013865,0.9450980392156862,0.9020527859237536,0.8662593346911065,0.9166008970228374,0.9315068493150684,0.8952270081490105,0.9673704414587332,0.8272785213511792,0.8361162646876933,0.8914998169923368,0.7969446212603437,0.8869080779944291,0.9817495280050346,0.8473777253977607,0.6913946587537092,0.8408749222822555,0.9685534591194969,0.903337169159954,0.9361702127659575,0.8686994399502178,0.8609865470852017,0.9075493656161655,0.9783989834815756,0.922347362181387,0.949326491340603,0.8073846153846153,0.7845659163987139,0.888404673757379,0.9298132646490663,0.8559322033898306,0.9441069258809235,0.7889039242219216,0.812687013764213,0.866288666381191
0.9546325878594248,0.9526123936816525,0.980466288594833,0.8620888632429313,0.8141592920353983,0.912791885082848,0.989486703772418,0.9428918590522479,0.9542483660130718,0.8726415094339623,0.8616810059563205,0.9241898888456042,0.9516417910447761,0.958128078817734,0.9542230818826564,0.8411552346570397,0.7916666666666666,0.8993629706137745,0.9404309252217998,0.8821822402785838,0.921832884097035,0.8146997929606625,0.7482462977396727,0.8614784280595508,0.9554707379134859,0.9597560975609756,0.9855436832181018,0.8656195462478184,0.8200270635994586,0.9172834257079682,0.987045033929673,0.9446135118685332,0.9556135770234987,0.8609112709832135,0.8515625000000001,0.9199491787609837,0.9494348602022606,0.9572225666460012,0.9550706033376124,0.8415902140672783,0.7984137475214805,0.9003463983549266,0.9419191919191919,0.8847497089639116,0.929144385026738,0.808641975308642,0.7201907790143085,0.8569292080465584
0.9604591836734693,0.9151162790697676,0.9431968295904887,0.8725146198830409,0.8521505376344085,0.9086874899702349,0.9968847352024921,0.9291521486643437,0.9340439706862091,0.8903535050928699,0.8809048569527611,0.9262678433197352,0.977832512315271,0.9190448456610367,0.9076086956521738,0.868235294117647,0.8419636852723604,0.9029370066036979,0.9413249211356468,0.8475509080902588,0.8700564971751412,0.7632379793061473,0.7524366471734893,0.8349213905761367,0.9261213720316623,0.9568913175470553,0.986784140969163,0.8167895632444696,0.7326599326599327,0.8838492652904565,0.9815950920245399,0.9458010720667063,0.9445910290237467,0.7777089783281733,0.7564102564102564,0.8812212855706846,0.9766009852216749,0.9446098868374032,0.950326797385621,0.8628205128205129,0.8487865588052271,0.9166289482140878,0.9411764705882354,0.8640721940214326,0.9056087551299589,0.7979966611018365,0.7512617159336699,0.8520231593550266
0.9546302050963331,0.9598494353826851,0.9780564263322885,0.8823194997157475,0.8316008316008316,0.9212912796255772,0.9913151364764269,0.9564118761844599,0.9603469640644361,0.9017693715680292,0.8891752577319587,0.9398037212050622,0.9875,0.9662921348314607,0.9734848484848485,0.8731527093596059,0.8566037735849057,0.9314066932521642,0.9438058748403576,0.9161053276178812,0.9756402248594629,0.7989590110605074,0.8045700541190619,0.8878160984994543,0.9544603867747973,0.9607965152457996,0.9786432160804021,0.8920616790405481,0.8403593642017969,0.9252642322686688,0.9919204474829086,0.963055729492799,0.9662921348314607,0.880201765447667,0.87546699875467,0.9353874152019012,0.9874213836477987,0.9629171817058096,0.9652118912080961,0.8341168569509738,0.8408826945412312,0.9181100016107818,0.9372599231754161,0.916412446613789,0.9768315591734502,0.7766097240473062,0.7845238095238095,0.8783274925067542
0.962962962962963,0.9484412470023981,0.9822335025380711,0.8860613071139386,0.8459958932238193,0.925138982568238,0.9854153455928979,0.929678188319428,0.9580686149936467,0.8996372430471584,0.8885959129861568,0.9322790609878575,0.9726636999364271,0.8974069898534386,0.9305740987983978,0.8679019725044831,0.8313090418353575,0.8999711605856209,0.9401159047005795,0.8016486347243689,0.8121752041573869,0.7848729076255424,0.7787839586028461,0.8235193219621448,0.9417721518987343,0.9646621202727836,0.9829867674858223,0.8676814988290398,0.8108465608465608,0.9135898198665882,0.9937733499377336,0.9473039215686275,0.9525015832805573,0.8569628229363578,0.8508771929824562,0.9202837741411465,0.9743918053777209,0.933649289099526,0.9628681177976953,0.7908587257617729,0.8073394495412843,0.8938214775155999,0.8905206942590119,0.898136645962733,0.960098219766728,0.7647849462365592,0.7492957746478874,0.852567256174584
