17co_veg,17co_shadow,17co_water,17co_road,17co_building,17co_total,19co_veg,19co_shadow,19co_water,19co_road,19co_building,19co_total,17se_veg,17se_shadow,17se_water,17se_road,17se_building,17se_total,19se_veg,19se_shadow,19se_water,19se_road,19se_building,19se_total,coPDC,sePDC
0.9335863377609108,0.9476278496611213,0.9546027742749054,0.7455040871934605,0.6618181818181819,0.848627846141716,0.8928104575163398,0.65359477124183,0.04600219058050383,0.5341830822711472,0.4609375,0.5175056003219642,0.8730723606168447,0.7948849104859335,0.6703645007923931,0.7157676348547718,0.4516680923866553,0.7011514998273196,0.8195121951219513,0.6652059596844874,0.04690431519699812,0.6196447230929989,0.41903300076745975,0.5140600387727791,0.45852877290184474,0.5167514008688535
0.9013513513513514,0.7625628140703518,0.9149184149184149,0.7041644131963222,0.6074834922964049,0.7780960971665689,0.8792029887920298,0.6254767353165521,0.051094890510948905,0.4077237281841812,0.6556122448979592,0.5238221175403343,0.8486383787207094,0.8524046434494196,0.9622037155669442,0.7709750566893424,0.5734265734265734,0.8015296735705978,0.7886056971514244,0.6292134831460674,0.048484848484848485,0.6063249727371864,0.384446074834923,0.4914150152708899,0.36160517534470815,0.6343338789901152
0.7693430656934307,0.0292772186642269,0.6655490360435876,0.8237431859479103,0.796,0.616782501269831,0.9742647058823529,0.6761162296243799,0.7744,0.7094227923038974,0.466350710900474,0.720110887742221,0.9113453192808431,0.02080924855491329,0.6675324675324674,0.7350764676862358,0.5772151898734178,0.5823957385855755,0.9398207426376441,0.837557603686636,0.8883280757097791,0.7511266900350526,0.5285714285714286,0.7890809081281082,0.5382208965560662,0.31776112825033054
0.9437172774869109,0.15550755939524838,0.6494887525562372,0.8198464264619019,0.7230113636363635,0.6583142759073325,0.9560229445506692,0.41586538461538464,0.7077350625289486,0.4082758620689655,0.4715025906735752,0.5918803688875085,0.8632175761871014,0.8580715059588299,0.9817953546767106,0.8482092097782831,0.7491013659237957,0.8600790025049442,0.9733746130030959,0.8268330733229329,0.8913494809688582,0.788860103626943,0.8323150033944332,0.8625464548632527,0.3530661713782031,0.4722029843228609
0.9690210656753407,0.8323232323232324,0.8838008013737837,0.6307692307692307,0.7184466019417476,0.8068721864166671,0.9820655534941249,0.7529585798816568,0.8067870826491516,0.6392177045805455,0.46153846153846156,0.7285134764287879,0.9444807315480078,0.7182718271827183,0.5865724381625441,0.724233983286908,0.29552549427679503,0.6538168948913946,0.97636815920398,0.794480755265069,0.8391451068616423,0.6904083570750237,0.4580017683465959,0.7516808293504622,0.4683387899011522,0.4154363155575143
0.8456375838926175,0.28468468468468466,0.7057777777777777,0.3570829840737636,0.5276548672566372,0.5441675795370962,0.9624242424242424,0.3868354430379747,0.7785166240409208,0.1951219512195122,0.6369747899159663,0.5919746101277232,0.8878183069511356,0.6695389918138733,0.4173913043478261,0.7521697203471553,0.5246195165622203,0.6503075680044421,0.9830508474576272,0.6726649528706085,0.9036226930963773,0.31153846153846154,0.47619047619047616,0.6694134862307101,0.3867578543096392,0.51695602216206
0.7920081967213115,0.9430379746835443,0.94875,0.6867772750125691,0.06598407281001137,0.6873115038454873,0.9521472392638036,0.8647425014148274,0.8500345542501728,0.7464920486435921,0.4282907662082515,0.7683414219561294,0.892634207240949,0.6448291998128217,0.3025689819219791,0.6753623188405797,0.27894736842105267,0.5588684152474765,0.8786381109280614,0.7138263665594855,0.8478382930937676,0.734712643678161,0.36567926455566907,0.7081389357630289,0.2854034187496065,0.38571900774412893
0.8463227222832053,0.9498746867167919,0.9714640198511166,0.7215611613517372,0.10817031070195626,0.7194785801809614,0.9498412698412698,0.8239545689210119,0.8085419734904271,0.7568850902184235,0.43750000000000006,0.7553445804942264,0.8945260347129507,0.650904033379694,0.29377431906614787,0.6798072711344723,0.15860735009671179,0.5355238016779954,0.9696969696969697,0.9009620826259197,0.8911988911988912,0.7537735849056605,0.4805318138651472,0.7992326684585177,0.318548133224202,0.4941013977208336
0.549686660698299,0.831672784478238,0.9116847826086957,0.6551297898640297,0.31012070566388117,0.6516589446626286,0.9678593086719224,0.880672268907563,0.8293736501079912,0.6310534198701948,0.35264054514480403,0.7323198385404951,0.7780285929270128,0.8123711340206186,0.9131313131313131,0.7052074139452781,0.29387755102040813,0.7005232010089262,0.948870392390012,0.856110776640578,0.8673684210526316,0.6373512674599069,0.426481909160893,0.7472365533408041,0.5371230246175156,0.4517408550022036
0.9121395036887995,0.520136518771331,0.6934036939313983,0.7227676484338477,0.3722772277227723,0.6441449185096297,0.8057971014492753,0.7844782380702675,0.7482517482517483,0.5260450160771702,0.4466019417475728,0.6622348091192068,0.8299418604651163,0.7873392680514342,0.8740323715693173,0.717361429225836,0.3527054108216433,0.7122760680266694,0.9730722154222766,0.8424437299035371,0.7635239567233385,0.44472049689440996,0.424812030075188,0.6897144858037499,0.37737675502109175,0.49575804319083294
0.884906960716747,0.8907849829351536,0.9010989010989011,0.6519865964576351,0.29695024077046556,0.7251455363957805,0.358974358974359,0.8306997742663658,0.03690036900369004,0.5380530973451327,0.39701770736253494,0.43232906139041644,0.8041697691734923,0.9169087739686229,0.9647661755285073,0.661613909942042,0.16607773851590105,0.702707273425713,0.6963562753036436,0.6463062319438713,0.04627249357326478,0.7340637450199202,0.5004284490145672,0.5246854389710535,0.6388748976893533,0.5907770887112006
0.8139029688631426,0.7511627906976744,0.9178921568627451,0.570701932858596,0.2536510376633359,0.6614621773890987,0.6610878661087867,0.6354166666666666,0.0590318772136954,0.469429347826087,0.5598755832037325,0.4769682682037936,0.7727272727272727,0.9103448275862069,0.93687707641196,0.6329243353783232,0.33400946585530766,0.7173765955918141,0.548704200178731,0.6564948453608248,0.024521072796934863,0.7306310928681374,0.5274542429284526,0.49756109082661615,0.46331376314298306,0.6114831895737581
0.9620253164556962,0.8928974069898533,0.9078498293515359,0.6919831223628692,0.3549618320610687,0.7619435014442046,0.8547368421052631,0.6607066836951894,0.052434456928838954,0.7415621986499518,0.45018450184501846,0.5519249366448523,0.9143593045717966,0.7280513918629551,0.805732484076433,0.7114474929044464,0.383587786259542,0.7086356919350345,0.958462492250465,0.6381888082016233,0.0562390158172232,0.7297830374753452,0.1409090909090909,0.5047164889307496,0.4724272807404143,0.4534132405716804
0.9568020631850419,0.9265734265734267,0.9691119691119691,0.46402151983860124,0.5165484633569739,0.7666114884132026,0.8142707240293809,0.4133211678832117,0.07009345794392523,0.7751412429378531,0.6316614420062696,0.5408976069601281,0.8751625487646294,0.8387776606954689,0.8911988911988912,0.7582534611288604,0.5808527755430409,0.7888490674661782,0.9777777777777777,0.6541897065078691,0.06166495375128468,0.7150837988826815,0.3992932862190813,0.5616019046277388,0.5475862557451363,0.5571326260781968
0.8416075650118203,0.271251193887297,0.7011494252873564,0.7922011287839917,0.4552380952380952,0.612289481641712,0.9660284126003706,0.8652384243261921,0.8768074031231926,0.7552515876893015,0.5647668393782384,0.805618533423459,0.9168278529980658,0.2423335826477188,0.5265822784810126,0.710436060754532,0.41788321167883213,0.5628125973120323,0.9640900791235545,0.8838049367850692,0.8669354838709677,0.6811409110259685,0.1350407450523865,0.7062024311715892,0.3942698167852421,0.3292632059434616
0.8040742959856202,0.13682092555331993,0.6589211618257261,0.7926509186351707,0.43444227005870845,0.565381914411709,0.8988015978695073,0.6071964017991004,0.6442105263157895,0.6010422698320788,0.4934086629001883,0.6489318917433328,0.8281653746770026,0.08752449379490529,0.26018983807928536,0.659746251441753,0.43266475644699137,0.45365814288798756,0.9582278481012658,0.8846796657381617,0.885952712100139,0.7543776620918127,0.4860335195530726,0.7938542815168903,0.3245569161997104,0.41661288799345214
0.8070404172099087,0.8903857930189834,0.9173300673606859,0.7566765578635014,0.34804753820033957,0.7438960747306838,0.9591346153846154,0.8998109640831757,0.8876262626262625,0.7213565536205316,0.35808748728382506,0.7652031765996822,0.7983978638184246,0.7980225988700564,0.8640087383943199,0.723943661971831,0.24177777777777779,0.685230128166482,0.9682539682539683,0.9380300065231573,0.8985849056603774,0.7143507972665147,0.2942430703624734,0.7626925496132982,0.45496364037020715,0.4450277025750803
0.8595744680851063,0.9201388888888888,0.9836477987421384,0.7283018867924528,0.3871527777777778,0.7757631640572729,0.8489208633093526,0.7893931667516573,0.8549121665582304,0.7559580552907531,0.42209072978303747,0.7342549963386061,0.7555898226676947,0.9266169154228856,0.9562575941676792,0.7273607748184019,0.361271676300578,0.7454193566754479,0.9704433497536945,0.8710089399744572,0.8852459016393444,0.7184553210597215,0.2905982905982906,0.7471503606051015,0.4729034187496065,0.5216583768809419
0.9652996845425867,0.8372739916550765,0.8617434758467517,0.7057785619761799,0.23982398239823985,0.7219839392837668,0.9587184226740605,0.8728673637864612,0.8136036625245257,0.4110738255033557,0.6231647634584012,0.7358856075893608,0.9554707379134859,0.7432333577176298,0.8085333333333334,0.7133303611234952,0.30328738069989397,0.7047710341575677,0.9695493300852619,0.8052219321148826,0.7679324894514769,0.6450024618414575,0.3333333333333333,0.7042079093652823,0.5083973430712082,0.2170048164704401
0.9252150893448048,0.26591760299625467,0.6973859105006646,0.8085539714867618,0.6566666666666666,0.6707478481990304,0.9168303863785199,0.676936243046641,0.18738049713193114,0.49470899470899476,0.45118483412322274,0.5454081910778619,0.9482535575679172,0.8593200468933178,0.9535644211903205,0.6818804198995893,0.40856031128404674,0.7703157513670382,0.9615384615384616,0.8420496566296882,0.8124536693847294,0.588048651507139,0.3394422310756972,0.7087065340271431,0.4165696027198892,0.34058427249260215
0.9702719797596459,0.8790181180596143,0.8773333333333334,0.7504743833017077,0.5290909090909092,0.8012377447090422,0.953405017921147,0.8700696055684455,0.8982826948480845,0.7882769075290551,0.5518485121731289,0.8123765476079722,0.9211563731931669,0.8507135016465422,0.8346686088856519,0.6869901245169601,0.3228511530398323,0.7232759522564307,0.8631692806922661,0.7119741100323624,0.8579052701801202,0.7305034550839091,0.4662349676225717,0.725957416722246,0.40176997418623683,0.45342898067115783
0.9736842105263157,0.9553516819571866,0.9763387297633873,0.7886904761904763,0.5980819529206626,0.8584294102716057,0.6333760136577038,0.1651676206050695,0.7733333333333333,0.7603550295857988,0.46212121212121215,0.5588706418606235,0.8954821308159137,0.8944666286366229,0.8988300068823124,0.693541395752059,0.4063745019920319,0.7577389328157879,0.9714993804213135,0.8391451068616423,0.9097988319273199,0.6918103448275862,0.5301403798513624,0.7884788087778449,0.4196349870931184,0.4969660958257256
0.9492798998121478,0.9590714722052536,0.9763387297633873,0.4531590413943355,0.5552439708356702,0.7786186228021589,0.9642207398423288,0.7117585848074922,0.8934875228241022,0.726063829787234,0.7316692667706709,0.8054399888063656,0.9495073891625616,0.8766954377311961,0.8655043586550435,0.2398523985239852,0.5775193798449613,0.7018157927835496,0.9311010946555055,0.8111808328579577,0.8906344410876132,0.6408839779005524,0.6675047140163419,0.7882610121035942,0.3585083107725241,0.24341670339356544
0.9535327816677276,0.9355608591885441,0.9757311761045426,0.46945337620578775,0.6267087276550999,0.7921973841643404,0.950381679389313,0.6070175438596491,0.8369497830130191,0.5444531864673485,0.5617088607594937,0.7001022106977648,0.9532019704433498,0.8510378510378511,0.8582230623818525,0.5184615384615385,0.6353322528363047,0.7632513350321795,0.9189542483660131,0.8389473684210527,0.8989690721649485,0.589223233030091,0.6026097271648873,0.7697407298293986,0.3721589120443241,0.2610259396839388
0.6560402684563759,0.8345498783454988,0.919431279620853,0.706923477355544,0.447588424437299,0.7129066656431141,0.9733746130030959,0.8282078472958642,0.8661527680448493,0.6371100164203612,0.5413654618473895,0.7692421413223122,0.4703632887189292,0.6094637223974764,0.793719545208446,0.7142857142857143,0.4551122194513716,0.6085888980123875,0.9718826405867972,0.8416458852867831,0.7653301886792453,0.6700507614213198,0.5778466305189776,0.7653512212986245,0.759353554114462,0.7875322672039288
0.7959044368600683,0.9018867924528302,0.9396294082486552,0.7038988408851423,0.3813682678311499,0.7445375492555693,0.9491740787801779,0.4228882833787465,0.7255460588793922,0.28205128205128205,0.5090595340811044,0.5777438474341405,0.6538139145012574,0.837953091684435,0.9159891598915989,0.6887080366225838,0.4392209536601746,0.7071370312720099,0.958594730238394,0.9012629161882895,0.9145527369826435,0.6832579185520361,0.5765379113018598,0.8068412426526446,0.55766385443556,0.7608567336145564
0.6035889070146819,0.5444505797901712,0.8283464566929134,0.7253787878787878,0.29598308668076106,0.599549563611463,0.9572546658639373,0.8653106102253986,0.8109710896960712,0.7225747960108795,0.34196891191709844,0.7396160147426769,0.5361930294906166,0.5111788617886179,0.8422174840085288,0.694025974025974,0.41366906474820136,0.5994568828123877,0.9630526953361599,0.8749298934380257,0.8153955808980755,0.7327102803738318,0.43206256109481916,0.7636302022281823,0.5727389347100673,0.7237258389473021
0.8209150326797386,0.20397579948141745,0.6913365259033523,0.7489583333333333,0.42700729927007297,0.5784385981335829,0.8905305574210881,0.769156626506024,0.8291991495393339,0.7582148111819519,0.3772819472616633,0.7248766183820123,0.5520361990950226,0.7198892478080295,0.9824341279799247,0.4259012016021361,0.4364303178484107,0.6233382188667048,0.9654320987654321,0.8339444735463594,0.8217967599410898,0.7502439024390245,0.4383819379115711,0.7619598345206953,0.4382279796008311,0.7928957061008626
0.802668148971651,0.3762557077625571,0.7196007259528129,0.8152400835073068,0.3772819472616633,0.6182093226911983,0.9692874692874692,0.8449767132401863,0.8664302600472813,0.756578947368421,0.6489283074648928,0.8172403394816501,0.8080581980973699,0.20612244897959184,0.6877436119532265,0.8031088082901554,0.3903420523138833,0.5790750239268455,0.9618616677440207,0.7677371172516803,0.8135775862068965,0.7300053676865271,0.5562724014336918,0.7658908280645632,0.4332659132405717,0.4753942894919096
0.7853277209861695,0.19981149858623942,0.6847779215178956,0.7904374364191251,0.38546922300706354,0.5691647601032986,0.8175287356321839,0.7359413202933985,0.8717653824036802,0.7376543209876544,0.6097750193948798,0.7545329557423593,0.8127633955448524,0.6138347884486233,0.8125643666323378,0.8172377985462097,0.37067209775967414,0.6854144893863395,0.9241830065359476,0.8319914117015567,0.8272327964860908,0.7103718199608611,0.5196324143692564,0.7626822898107425,0.45843826732984955,0.44385506516401185
0.9574861367837338,0.8818713450292398,0.8945945945945946,0.764620589656839,0.5420393559928443,0.8081224044114502,0.9677419354838709,0.9247441300421433,0.9095744680851063,0.7159709618874774,0.3643724696356275,0.776480793026845,0.96875,0.8939759036144579,0.9158512720156555,0.8087934560327198,0.6906474820143885,0.8556036227354443,0.9667487684729064,0.7975584944048829,0.8984910836762688,0.5682281059063137,0.3744939271255061,0.7211040759171756,0.22921913366492477,0.39349068186110936
0.96241528034504,0.7903430749682336,0.8060790273556231,0.7793753098661379,0.5942156003505696,0.7864856585771208,0.9701863354037267,0.7473841554559042,0.6375432525951557,0.41581920903954805,0.3505154639175258,0.6242896832823721,0.9629164047768699,0.8515068493150685,0.8927335640138409,0.7997925311203319,0.6011560693641618,0.8216210837180546,0.9685767097966728,0.7035315985130113,0.8834612700628053,0.4277522935779817,0.47328244274809156,0.6913208629397126,0.30275294339860226,0.4390346596990493
0.7627695800227016,0.6088888888888889,0.8771289537712894,0.7166907166907167,0.4051502145922747,0.6741256707931742,0.9512646514497224,0.7617625093353249,0.8208955223880597,0.7269406392694064,0.3572895277207392,0.7236305700326505,0.9467821782178217,0.8637873754152824,0.9297658862876255,0.7408656548622822,0.6717791411042945,0.8305960471774613,0.9628252788104089,0.846307385229541,0.8803269118505546,0.7276034561164166,0.35221421215242016,0.7538554488318682,0.4568878675313228,0.39604844802619155
0.8740839440373084,0.8790322580645161,0.96137339055794,0.7494123178185237,0.40796019900497504,0.7743724218966527,0.8121387283236995,0.7752941176470588,0.8615738081562321,0.7296803652968038,0.3756345177664975,0.7108643074380583,0.9463477698771817,0.8490666666666666,0.9603638726445743,0.24140821458507966,0.5438786565547129,0.708213036065643,0.9210697977821265,0.8118343195266273,0.8763076923076923,0.7566287878787878,0.4615384615384615,0.765475811806739,0.36286831832777183,0.44788059560536425
0.8914728682170542,0.8945538818076477,0.9326217478318879,0.7313432835820894,0.37488457987072943,0.7649752722618818,0.9604666234607906,0.8096192384769538,0.7782805429864253,0.6821130676552363,0.2572533849129594,0.6975465714984731,0.9121621621621622,0.8331573389651532,0.8911988911988912,0.8598654708520179,0.7977126518942103,0.8588193030144868,0.9577098243331165,0.7884615384615384,0.9064171122994653,0.543369890329013,0.17664974619289342,0.6745216223232053,0.3500007870049739,0.47942768998300067
0.7875862068965518,0.49957805907173003,0.7335541883577851,0.8002119766825649,0.5377289377289377,0.6717318737475139,0.8902195608782435,0.7651567944250871,0.8158035237586758,0.7302631578947367,0.28086710650329877,0.6964620286920085,0.9419439008480104,0.8801766979569298,0.9152542372881356,0.7939488784559208,0.6629746835443038,0.83885967961866,0.8479327259985985,0.8471121177802944,0.9096774193548387,0.6742424242424243,0.23406113537117906,0.7026051645494671,0.45240980922999435,0.42016621545048166
0.7200634417129262,0.9382262996941896,0.9655172413793103,0.6466531440162272,0.505125815470643,0.7551171884546592,0.9588867805186592,0.7937662337662338,0.061116965226554264,0.5570409982174687,0.501152959262106,0.5743927873982044,0.7913978494623656,0.9015367103016504,0.94750656167979,0.7418426103646834,0.661290322580645,0.8087148108778269,0.9634381013470172,0.6829481029219362,0.060790273556231,0.5572916666666667,0.5563076923076923,0.5641551673599087,0.6463632500157401,0.6977940250582384
0.8057644110275689,0.6551440329218108,0.810477657935285,0.7666181465308103,0.6316680779000847,0.733934465263112,0.98125,0.8908872901678657,0.04697986577181208,0.5548854041013269,0.6558105107327905,0.6259626141547591,0.7299864314789689,0.8938798427849524,0.9445910290237467,0.7778884462151393,0.6633906633906634,0.8019472825786941,0.9288090485695277,0.6584327086882453,0.055445544554455446,0.6779001944264421,0.631578947368421,0.5904332887214182,0.5381776112825033,0.6788901655858465
0.6798418972332015,0.5984513274336283,0.7734553775743706,0.7694625816172779,0.5909090909090908,0.6824240549535138,0.9848866498740554,0.8704720087815587,0.8175919250180246,0.6949458483754513,0.243161094224924,0.7222115052548028,0.665587044534413,0.648396501457726,0.7762928529924463,0.6551865518655187,0.20224719101123595,0.589542028372268,0.9761175750153093,0.9261904761904762,0.9057627118644067,0.6876617773943053,0.1901565995525727,0.737177828003414,0.5223588113076875,0.43671693005099793
0.7669977081741788,0.2938105891126025,0.6298188574082675,0.7831074035453597,0.5926505082095387,0.6132770132899894,0.7323506594259116,0.7597471022128557,0.736898395721925,0.6141649048625792,0.340627973358706,0.6367578071163955,0.7116104868913858,0.7540500736377025,0.8903743315508021,0.7466168922071862,0.38220424671385234,0.6969712062001857,0.95425667090216,0.8984018264840182,0.8875,0.7074195053663089,0.3373052245646196,0.7569766454634214,0.4115996663098911,0.4533660202732481
0.8450511945392492,0.6846767050487158,0.2592964824120603,0.7718612603810456,0.688259109311741,0.6498289503385625,0.9462783171521035,0.8905616676317314,0.0632768361581921,0.5992939099735216,0.8306911857958148,0.6660203833422726,0.8687415426251691,0.9278846153846153,0.9369144284821985,0.741193048379521,0.5815602836879432,0.8112587837118894,0.8980978260869565,0.8227102303160151,0.0577319587628866,0.5913891145410236,0.5842148087876322,0.5908287876989028,0.5898641629415098,0.5430413020210287
0.816464237516869,0.4385832705350414,0.7382224380767362,0.8249194414607948,0.6866141732283464,0.7009607121635575,0.7421383647798743,0.7498736735725113,0.06936416184971099,0.5565500406834825,0.7166900420757363,0.5669232565922631,0.8535784635587658,0.9218297625940938,0.9671179883945842,0.7400839944003733,0.47159090909090917,0.7908402236077453,0.952504879635654,0.6766339171294319,0.06243032329988851,0.8293535235876529,0.8236074270557029,0.668906014141666,0.5093260089403765,0.5877943398602279
0.6620689655172414,0.8377916903813318,0.8709677419354839,0.21745788667687593,0.5281329923273657,0.6232838553676597,0.9625151148730351,0.8987993138936535,0.8753501400560224,0.7395736793327155,0.41345202769535105,0.7779380551701555,0.6287192755498059,0.881683731513083,0.8791055206149546,0.04207362885048836,0.5232678386763184,0.5909699990409301,0.9186381996537797,0.8630136986301369,0.8968792401628223,0.7288523090992227,0.394,0.7602766895091922,0.4728404583516968,0.562059277214632
0.9690210656753407,0.6594594594594595,0.5538057742782152,0.2546583850931677,0.49849849849849853,0.5870886366009362,0.9231770833333334,0.7620871230253708,0.5607038123167155,0.47601918465227816,0.4031936127744511,0.6250361632204298,0.2593220338983051,0.8745800671892497,0.872445384073291,0.012026458208057728,0.4866803278688525,0.5010108542475512,0.9692496924969248,0.8812989921612541,0.8757894736842106,0.736084452975048,0.5134383688600556,0.7951721960354985,0.39377400365170306,0.7031928791789964
0.6101973684210527,0.07332293291731667,0.6698481561822126,0.748235294117647,0.5000000000000001,0.5203207503276458,0.951219512195122,0.8313917841814837,0.8588882101405009,0.7197362223268958,0.3178534571723426,0.7358178372032691,0.683921568627451,0.04987531172069826,0.6606837606837607,0.7556193208990913,0.5169569202566453,0.5334113764375292,0.9683698296836982,0.8900646678424458,0.8677176148046608,0.7093862815884476,0.3346938775510204,0.7540464542940546,0.5915640936850721,0.5211979789712271
0.7863604732080725,0.09899175068744272,0.6803946803946804,0.7220843672456576,0.6540222367560496,0.5883707016583806,0.8081100651701666,0.7271897810218978,0.811361981063365,0.7461024498886415,0.5993640699523052,0.7384256694192753,0.5995279307631786,0.06180665610142631,0.6717299578059072,0.8026183282980865,0.5544554455445544,0.5380276637026307,0.9623115577889447,0.8664850136239782,0.880503144654088,0.8348476750400854,0.7033831628638867,0.8495061107941967,0.3979962853365233,0.6028536800352579
0.1816367265469062,0.956361401352182,0.9848866498740554,0.10571736785329018,0.481078278900985,0.5419360849054837,0.8504672897196262,0.6232596232596233,0.0486815415821501,0.5896958410924892,0.5987696514012303,0.5421747894110238,0.5357466063348416,0.8596300326441785,0.9828788839568802,0.29580573951434885,0.4364508393285372,0.6221024203557572,0.9447300771208227,0.7276119402985075,0.06020066889632107,0.6411149825783973,0.6312769010043042,0.6009869139796706,0.6838679720455834,0.6109558962412642
0.9556400506970849,0.9394495412844037,0.9706799750467873,0.20115416323165702,0.5144596651445966,0.716276679080906,0.9077844311377244,0.5166986564299424,0.06235565819861433,0.3178451178451178,0.5109170305676856,0.46312017883581685,0.8722958827634334,0.9593693147362038,0.9823455233291298,0.14648729446935727,0.49047141424272817,0.6901938859081704,0.9194630872483222,0.6572769953051644,0.057084607543323146,0.7596153846153846,0.7319316688567674,0.6250743487137923,0.40518951079770826,0.5221463199647421
0.8528610354223433,0.7394094993581515,0.8200934579439251,0.6908462867012091,0.3086680761099365,0.6823756711071131,0.8446943078004215,0.7501320655044903,0.7258485639686684,0.5556858147713951,0.4628410159924742,0.6678403536074898,0.7807017543859649,0.6394160583941605,0.8510638297872339,0.6965607313887681,0.5865724381625441,0.7108629624237343,0.6135181975736569,0.24409448818897642,0.7020594965675057,0.7381852551984877,0.395690499510284,0.5387095874077822,0.4514299880375244,0.4834256752502676
0.8293625241468127,0.7032297379646557,0.8692307692307693,0.7784877529286475,0.5505415162454874,0.7461704601032744,0.5588599752168525,0.03779527559055119,0.6379453189726596,0.4753309265944645,0.4615384615384615,0.43429399158259785,0.7663410969196093,0.8226495726495726,0.9684990735021618,0.7968127490039841,0.6324786324786326,0.7973562249107922,0.5624438454627134,0.5052983825989961,0.8,0.7540056550424128,0.500468603561387,0.6244432973331019,0.5614926336334446,0.5053280236731096
0.8675862068965517,0.8747252747252747,0.9481193255512321,0.7831620166421928,0.6026200873362446,0.8152425822302992,0.9580764488286067,0.9207501512401693,0.9277266754270695,0.4947145877378435,0.5717488789237668,0.774603348431491,0.8861788617886178,0.9209138840070299,0.9310571240971766,0.7352941176470588,0.5688729874776387,0.8084633950035042,0.9363867684478372,0.8697293895531781,0.9034229828850856,0.7058823529411765,0.6330837304288632,0.8097010448512282,0.5527411383239942,0.46010671787445695
0.8318356867779204,0.8926363125351321,0.9816803537586861,0.8128400435255712,0.605475040257649,0.8248934873709918,0.8857938718662953,0.8049408131755018,0.8618784530386739,0.5563480741797433,0.6346696781479391,0.7487261780816307,0.798639455782313,0.8873949579831933,0.9048596851471595,0.75177304964539,0.6227544910179641,0.793084327915204,0.9278752436647173,0.8778583379810374,0.8937931034482759,0.5666434054431263,0.6476190476190475,0.7827578276312408,0.4559159163885916,0.578838223257571
0.7179080824088749,0.729513247073321,0.8135391923990498,0.45991561181434604,0.4907914385266302,0.6423335144444445,0.9421487603305785,0.9279224712295578,0.9427480916030535,0.6918075422626787,0.18952062430323302,0.7388294979458202,0.902749832327297,0.8824833702882484,0.9361702127659575,0.7284009546539378,0.42314647377938513,0.7745901687629653,0.8115523465703972,0.7490774907749077,0.8622478386167147,0.764620589656839,0.5333333333333333,0.7441663197904385,0.6172912862809293,0.3603853176352075
0.784660766961652,0.2527015793848712,0.7001763668430335,0.7098734177215189,0.4307178631051753,0.5756259988032503,0.7146207974980454,0.6318909306461175,0.7619521912350598,0.7085995085995086,0.3148335015136226,0.6263793858984709,0.8850415512465374,0.868995633187773,0.9473684210526316,0.7316841103710753,0.4283121597096189,0.7722803751135273,0.8813096862210096,0.7561260210035007,0.8688427299703264,0.8231476473769606,0.6796267496111975,0.8018105668365988,0.3833461877479066,0.40141188692312535
0.945337620578778,0.9153531815528313,0.9746514575411914,0.700815956482321,0.30168776371308015,0.7675691959736404,0.9242718446601942,0.7643758765778402,0.8016614745586708,0.7886435331230284,0.6194837635303914,0.779687298490025,0.9289902280130293,0.40075853350189633,0.4705188679245283,0.6851363236587512,0.2453450164293538,0.5461497939055118,0.8478561549100968,0.8009563658099224,0.8261598658468418,0.7606196901549224,0.45646196150320817,0.7384108076449982,0.5217724926021532,0.5300360448278033
0.9248021108179421,0.6868829337094499,0.8237145855194123,0.7243523316062176,0.5317073170731708,0.7382918557452386,0.8166786484543492,0.7438330170777988,0.7746835443037976,0.7779670641680863,0.5959752321981424,0.7418275012404348,0.8899521531100478,0.4583594239198497,0.7250632911392406,0.5772151898734177,0.3838383838383838,0.6068856883761878,0.7822222222222223,0.8007495315427857,0.8965922444183313,0.7230290456431534,0.5412262156448203,0.7487638518942625,0.544949789082667,0.5672849902411383
0.7772727272727273,0.8571428571428571,0.8875968992248061,0.7023319615912209,0.34532374100719426,0.7139336372477612,0.9654335961188598,0.8874345549738221,0.8865598027127005,0.6678899082568807,0.6360153256704981,0.8086666375465522,0.6161790017211703,0.6799758015728977,0.7450980392156863,0.7321772639691715,0.39404197698036564,0.6334944166918584,0.900281690140845,0.8255813953488372,0.9019876627827279,0.6477541371158393,0.5989515072083879,0.7749112785193275,0.5520407038972487,0.6072018825158975
0.752577319587629,0.6978579481397971,0.7987654320987655,0.7881311816762103,0.5712132629992465,0.7217090289003297,0.90694626474443,0.719310839913855,0.8464088397790056,0.6752232142857142,0.6031102096010819,0.7501998736648172,0.825164594001463,0.8,0.8023952095808384,0.7687657430730477,0.5606631499623211,0.751397739323534,0.9760295021511985,0.8796400449943756,0.8374455732946298,0.671865626874625,0.6283870967741935,0.7986735688178045,0.40829424541963105,0.48111188062708554
0.8593852190974494,0.750293083235639,0.8332315210751373,0.7549668874172186,0.42209072978303747,0.7239934881216965,0.9695121951219512,0.8853046594982079,0.7073170731707317,0.5103366804489073,0.47877145438121055,0.7102484125242018,0.5266055045871559,0.8093543467208948,0.9174560216508796,0.642512077294686,0.3669724770642202,0.6525800854635673,0.9673846153846154,0.7684003925417076,0.9242119382964453,0.38725195429945886,0.3550295857988165,0.6804556972642086,0.30060835484480264,0.5586043253793364
0.7930391547545059,0.4806701030927835,0.5511363636363636,0.7131931166347992,0.37689969604863227,0.5829876868334168,0.95448798988622,0.8153846153846155,0.5883757961783439,0.21506849315068494,0.4251968503937008,0.599702748998713,0.7025830258302583,0.836745406824147,0.9010989010989011,0.7146047342563645,0.46889952153110054,0.7247863179081544,0.9594003747657712,0.7616754935002408,0.8280907095830286,0.2969657843770174,0.368421052631579,0.6429106829715274,0.36052304350563497,0.48255603475413966
0.8801350590883512,0.7695287282117496,0.8442028985507246,0.7526448362720403,0.43949661181026134,0.7372016267866255,0.9760295021511985,0.9448319594166138,0.9344262295081966,0.84375,0.793205317577548,0.8984486017307114,0.9332531569452797,0.7121285923039453,0.5575757575757576,0.7181430601610611,0.37131630648330055,0.6584833746938688,0.9608669476219146,0.8413333333333333,0.8555555555555555,0.7789678675754625,0.6248927038626609,0.8123232815897853,0.3392188188629352,0.28983032172763334
0.8461095100864553,0.9338146811070999,0.9708978328173374,0.784136546184739,0.393574297188755,0.7857065734768773,0.8619014573213047,0.8295218295218295,0.8786440677966102,0.7832923832923833,0.5777777777777777,0.7862275031419811,0.9408866995073892,0.7072495849474267,0.6507503410641201,0.742198751800288,0.4313725490196079,0.6944915852677663,0.9607476635514018,0.9154686601495112,0.9063568010936432,0.7693798449612402,0.5739592559787423,0.8251824451469079,0.34726987974564,0.2595778505320154
0.8182305630026809,0.881243063263041,0.89426399447132,0.8056872037914692,0.37284701114488344,0.754454367134679,0.9452485840151038,0.776824034334764,0.8381374722838137,0.7247165532879819,0.40438247011952194,0.7378618228082371,0.8302094818081588,0.9353882631890931,0.9715009499683345,0.7960965588084231,0.3473792394655704,0.7761148986479158,0.9546827794561935,0.75,0.8174474959612278,0.7333639284075265,0.40597014925373137,0.7322928706157358,0.28992082729962854,0.2698364603664295
0.8469326980345444,0.44848484848484854,0.7366465397120298,0.7734915924826905,0.38546922300706354,0.6382049803442353,0.8282252316464719,0.7557436517533254,0.8608450704225352,0.7272727272727273,0.4506769825918762,0.7245527327373873,0.8283410138248848,0.8728070175438596,0.9333333333333333,0.7647058823529412,0.2591006423982869,0.7316575778906612,0.8346344925479063,0.8149710068529258,0.9119788219722038,0.8012263668880941,0.6574225122349103,0.804046640099208,0.2939227475917648,0.43924321601712524
0.9544034978138662,0.9681762545899634,0.986180904522613,0.7498463429625077,0.7153945666235447,0.8748003133024991,0.9771745835903763,0.8794063079777366,0.8387893761581223,0.6964769647696477,0.21313240043057052,0.7209959265852907,0.9448621553884713,0.9535864978902953,0.9772727272727273,0.79438202247191,0.725561187545257,0.8791329181137322,0.9180327868852459,0.8335625859697386,0.8755417956656347,0.7329631499242807,0.573268921095008,0.7866738479079816,0.3601767613171315,0.31743058616130454
0.897680763983629,0.884549109707065,0.9677018633540372,0.6958499147242752,0.6081460674157303,0.8107855438369473,0.8583509513742071,0.7964040190375463,0.8149779735682818,0.6842800528401586,0.19867549668874174,0.6705376987017871,0.9395638629283489,0.8977978543195935,0.9268947015425889,0.8016967126193,0.6479550922213312,0.8427816447262326,0.8276856524873829,0.8141874007411328,0.8985115020297698,0.7370600414078675,0.5707762557077626,0.7696441704747831,0.36808616130453947,0.3804106591953661
0.8128415300546449,0.9114070642733064,0.9584415584415584,0.42877094972067037,0.42787152966793685,0.7078665264316235,0.968408262454435,0.8967551622418879,0.836935166994106,0.6976328718177758,0.2082866741321389,0.7216036275280686,0.8618504435994931,0.8991696322657177,0.9268292682926829,0.3949704142011834,0.4578313253012048,0.7081302167320565,0.967702620353443,0.9055299539170508,0.874829931972789,0.71939736346516,0.3867832847424685,0.7708486308901822,0.565089246364037,0.45227995340930555
0.8021038790269559,0.6028309741881764,0.7893946973486743,0.6095592799503414,0.47362110311750594,0.6555019867263308,0.9535918626827717,0.9072929542645242,0.7689768976897691,0.6273764258555133,0.4869072894550601,0.7488290859895276,0.8204787234042554,0.8942632170978628,0.9630589760207388,0.46977329974811083,0.3591682419659735,0.7013484916473883,0.9363344051446945,0.8696604600219059,0.9223560910307897,0.7146845337800111,0.553223388305847,0.7992517756566496,0.42756406220487314,0.4290121513567966
0.8840579710144927,0.8898978433598185,0.9088453747467927,0.6978165938864629,0.31401475237091675,0.7389265070756968,0.9383886255924171,0.7663421418636996,0.8425196850393701,0.7482151356496906,0.385929648241206,0.7362790472772767,0.7420109119251752,0.8905275099262621,0.9616368286445013,0.6485610052695582,0.266522210184182,0.7018516931899357,0.9310747663551402,0.847009735744089,0.8979591836734695,0.7187780772686433,0.32985386221294366,0.7449351250508571,0.4124220865075867,0.37448844676698356
0.8070671378091873,0.7987647967061245,0.9588867805186592,0.7103984450923225,0.4047856430707876,0.7359805606394162,0.5530101225359616,0.15683646112600536,0.8646080760095012,0.7580234335201224,0.3739837398373984,0.5412923666057977,0.8375350140056023,0.8352570828961174,0.9438943894389439,0.7550731477111845,0.44961240310077516,0.7642744074305247,0.9613059250302298,0.8980301274623407,0.916445623342175,0.7326637972262076,0.4329089128305582,0.7882708771783022,0.48799817414846064,0.38705298117484105
0.5933333333333334,0.6117455138662317,0.6275154004106777,0.7692307692307693,0.4891406987724268,0.6181931431226878,0.9595654797827399,0.7905569007263922,0.7982510930668331,0.7526777020447907,0.44787644787644787,0.7497855246994408,0.9200247985120893,0.9320843091334895,0.9763880025526482,0.8599779492833517,0.7426810477657936,0.8862312214494744,0.8534621578099839,0.7322121604139716,0.8656294200848657,0.7394333488156062,0.4296875,0.7240849174248856,0.3224792230686898,0.3376251337908456
0.9178505250154417,0.6155242850658192,0.16468435498627632,0.7810182896688087,0.4915254237288136,0.5941205756930319,0.8522860492379836,0.7156164383561645,0.5168900804289543,0.4438871473354232,0.41427155599603566,0.5885902542709123,0.9381443298969071,0.8880222841225626,0.9438943894389439,0.8109559613319012,0.6802507836990597,0.8522535496978748,0.9733746130030959,0.90625,0.9081153588195842,0.7710144927536231,0.5364963503649635,0.8190501629882534,0.41394494113202795,0.38287004973871436
0.670261941448382,0.43103448275862066,0.7045675413022352,0.6527947776417788,0.25517993456924754,0.5427677355440528,0.9526184538653366,0.8703910614525139,0.8445706174591909,0.7381062355658199,0.4476744186046512,0.7706721573895026,0.9327575570635409,0.6155451225873761,0.4856278366111952,0.8399787347155768,0.6926131850675139,0.7133044872090406,0.965389369592089,0.8573002754820938,0.8044280442804428,0.7170842824601367,0.4070796460176991,0.7502563235664923,0.4181514827173708,0.31681278725681544
0.7327001356852103,0.3899848254931714,0.6970954356846472,0.7671232876712328,0.4999999999999999,0.6173807369068524,0.788104089219331,0.7517372078332281,0.6211832061068703,0.42362768496420045,0.4481086323957323,0.6065521641038725,0.827266710787558,0.5503287809812848,0.5142857142857143,0.848,0.6505823627287853,0.6780927137566685,0.9659442724458206,0.8453276047261009,0.8203240058910162,0.7108603667136812,0.45086705202312133,0.7586646603599481,0.3897445381854813,0.46472250204621296
0.9216646266829865,0.908466819221968,0.9300466355762825,0.8517618469015795,0.7777022433718558,0.8779284343509346,0.9712889431887598,0.7760314341846759,0.4938450398262128,0.8279635258358662,0.6425826287471176,0.7423423143565264,0.951530612244898,0.9189511323003576,0.9430051813471503,0.7920792079207921,0.6504201680672268,0.8511972603760851,0.9539748953974896,0.8616904500548846,0.8399710354815352,0.7300556586270872,0.3202479338842975,0.741187994689059,0.3902010010703268,0.3726822703519486
0.8344958782498415,0.5651515151515152,0.7789266371245692,0.6954612005856515,0.6822977725674091,0.7112666007357973,0.9001331557922768,0.756860857005296,0.5517241379310345,0.7147498375568551,0.6153846153846153,0.7077705207340156,0.8363866077068857,0.8831024930747922,0.9583333333333334,0.8502732240437159,0.6789727126805779,0.8414136741678611,0.9733746130030959,0.8814317673378076,0.886726893676164,0.7548483341621084,0.4899738448125545,0.7972710905983461,0.3981851665302525,0.45089088963042245
0.8617886178861789,0.9228090539756241,0.9724888035828535,0.6658343736995423,0.08383233532934131,0.701350636894708,0.967032967032967,0.8751445086705203,0.8451882845188284,0.28693424423569597,0.5920078934385791,0.7132615795793181,0.8893470790378006,0.8212261720762495,0.8973121984838043,0.7339449541284404,0.355601233299075,0.739486327405074,0.9572127139364304,0.9027190332326285,0.8893254747871644,0.6643315820198482,0.5963240299523486,0.8019825667856839,0.6135687527545174,0.4951756595101681
0.8435544430538172,0.8334350213544844,0.918760958503799,0.784760019792182,0.4481086323957323,0.7657238150200031,0.9622166246851385,0.8477366255144032,0.8425241614553723,0.7549857549857549,0.5215794306703397,0.7858085194622019,0.8623141564318035,0.8758241758241758,0.9617131732641142,0.7842364532019704,0.4934086629001883,0.7954993243244504,0.9701037217815742,0.8698517298187809,0.867043847241867,0.7846153846153846,0.7059724349157733,0.8395174236746761,0.3365272618522949,0.40026285966127306
0.8417317246273953,0.8915360501567399,0.9278106508875739,0.4693303320202589,0.500981033355134,0.7262779582094204,0.9461684610512983,0.8875140607424071,0.885970974429855,0.7285382830626449,0.4284341978866474,0.7753251954345706,0.9571884984025559,0.7764182424916575,0.7992227979274612,0.6774683544303798,0.44186046511627913,0.7304316716736667,0.9536921151439299,0.8861607142857143,0.8740323715693173,0.7089056269384139,0.27896995708154504,0.7403521570037841,0.47565400113328715,0.3331116602656929
0.8067226890756303,0.8187919463087249,0.9786967418546366,0.4381939304219097,0.45734597156398105,0.6999502558449765,0.8234442836468886,0.7726829268292683,0.8415841584158416,0.7889273356401384,0.5853227232537577,0.7623922855571789,0.8844086021505376,0.8605405405405404,0.929144385026738,0.7084493964716806,0.40711462450592883,0.7579315097390851,0.9518377693282637,0.8678629690048939,0.8614072494669509,0.7327502429543246,0.4865831842576029,0.7800882830024073,0.4795929610275137,0.4317745388150853
0.8913857677902621,0.7046632124352332,0.7356188262638,0.8187012987012987,0.6589403973509934,0.7618619005083175,0.9550629119233074,0.8739977090492556,0.9107611548556432,0.7402135231316727,0.5374771480804388,0.8035024894080636,0.9670602858918583,0.6862144420131291,0.2869287991498406,0.7239732569245463,0.43510737628384694,0.6198568320526442,0.9597113650030067,0.9052504526252263,0.906596995427825,0.7418452935694315,0.4047856430707876,0.7836379499392555,0.29930192658817606,0.2593929043631556
0.9476309226932668,0.8016586040082929,0.8672176308539946,0.7734109655507037,0.5088536812674743,0.7797543608747465,0.9580463368816532,0.6153846153846154,0.8637147786083956,0.4510978043912176,0.6464135021097046,0.7069314074751173,0.9464968152866242,0.63196683555965,0.24169741697416974,0.7524752475247525,0.4781783681214422,0.6101629366933277,0.9605510331872261,0.8006072874493928,0.845821325648415,0.662892434379825,0.5328467153284672,0.7605437591986653,0.2830699490020777,0.2782692186614619
0.947780678851175,0.871523178807947,0.9091981132075472,0.7092765201952952,0.4122893954410307,0.7700135773005989,0.9601449275362319,0.6321155480033985,0.7711693548387097,0.46861313868613136,0.6023166023166023,0.6868719142762147,0.8123980424143556,0.9395734597156399,0.9764181007010834,0.826954177897574,0.46901811248808384,0.8048723786433474,0.9646772228989037,0.7536454336147352,0.8213707501349163,0.5843989769820973,0.6068376068376068,0.7461859980936518,0.44227318516653025,0.35905134420449536
0.8294985250737463,0.23425196850393698,0.6937527304499782,0.7960662525879918,0.47191011235955055,0.6050959177950407,0.8860418071476738,0.7595269382391591,0.6993642143505904,0.48615384615384616,0.5976027397260274,0.6857379091234594,0.8392156862745098,0.9446757882212969,0.9770114942528736,0.7878162106350026,0.42870999030067897,0.7954858339368723,0.9460317460317461,0.7432897453544393,0.8301051466519093,0.6461731493099122,0.6199872692552514,0.7571174113206516,0.32083831769816784,0.34005304413523896
0.7792592592592592,0.7905935050391937,0.8698412698412699,0.6887645286267757,0.3436853002070393,0.6944287725947076,0.9324721080446272,0.6595218466611708,0.8176914778856527,0.7378735913767761,0.5534062237174096,0.7401930495371272,0.6572614107883817,0.7632653061224489,0.8804275217100869,0.7171671896010758,0.2962962962962963,0.662883544903658,0.9671532846715328,0.6883116883116882,0.7400581959262852,0.7432098765432098,0.6269070735090153,0.7531280237923463,0.535387678650129,0.6476854183718441
0.7601683029453016,0.8250825082508251,0.8014751075599262,0.6877657061880019,0.41699604743083,0.6982975344749769,0.9531645569620253,0.40566037735849053,0.7604218985434456,0.5240384615384616,0.5839188134270102,0.6454408215658866,0.5767973856209151,0.7907907907907908,0.9010989010989011,0.7620871230253708,0.3779399837793998,0.6817428368630756,0.9641532756489493,0.866754617414248,0.8767942583732058,0.7519640852974185,0.6813031161473088,0.8281938705762261,0.5700237675502109,0.6661013347604356
0.9634300126103404,0.8788386376326076,0.8853370396108408,0.7801792303637324,0.6635586635586636,0.834268716755237,0.9061784897025172,0.5185856754306437,0.7772657450076805,0.745945945945946,0.5512489233419466,0.6998449558857468,0.9118773946360152,0.8569886670264436,0.8911988911988912,0.7924130663856691,0.6403225806451613,0.8185601199784363,0.965222696766321,0.7424242424242424,0.8105774419859687,0.728604118993135,0.4007976071784646,0.7295252214696264,0.2703165334004911,0.35434898948561355
0.959409594095941,0.6531130876747141,0.05924170616113744,0.7724761426418886,0.5942275042444821,0.6076936069636326,0.8615384615384615,0.4292682926829269,0.8175895765472312,0.5334773218142549,0.5591397849462366,0.6402026875058223,0.830379746835443,0.9073226544622425,0.9431968295904887,0.7276402223345124,0.5190839694656489,0.785524684537667,0.9611829944547134,0.8305084745762712,0.8937462052216151,0.816326530612245,0.598114824335904,0.8199758058401497,0.22016857646540325,0.35739076370962664
0.7979741136747327,0.9005714285714285,0.9565217391304348,0.556260819388344,0.1651376146788991,0.6752931430887679,0.966565349544073,0.4675572519083969,0.7232437529467232,0.7167235494880546,0.481057268722467,0.6710294345219429,0.8374558303886926,0.8585313174946005,0.8980716253443526,0.3701418877236274,0.130718954248366,0.6189839230399279,0.9754299754299756,0.6277495769881557,0.7756345177664974,0.6799480294499783,0.15367727771679474,0.6424878754702804,0.32110589938928413,0.32602074545111126
0.8416616496086694,0.22474226804123715,0.688937093275488,0.39583333333333337,0.2696335078534032,0.48416157042242625,0.9411764705882353,0.4265668849391955,0.6652211621856028,0.6932750136686715,0.4675324675324675,0.6387543997828345,0.8396062536189924,0.9270286047869236,0.9737683941138836,0.3563685636856368,0.25115055884286647,0.6695844750096606,0.9506953223767383,0.8135152696556205,0.8726838015540944,0.6905102527420124,0.3318304779080253,0.731847024847298,0.39016558584650257,0.34434222124283825
0.6583124477861321,0.9280190362879238,0.9583875162548765,0.5401146131805158,0.5758683729433273,0.7321403972905551,0.9389788293897883,0.8218988218988219,0.8505239933811363,0.7703631010794897,0.52,0.7803529491498472,0.7255668491008601,0.7166064981949459,0.500468603561387,0.5222154595252587,0.49247910863509753,0.5914673038035099,0.8571428571428572,0.6165951359084405,0.7952306894764127,0.7834254143646409,0.7040816326530612,0.7512951459090826,0.7040625196751243,0.5786257319146257
0.8286277084701248,0.8812989921612541,0.9817495280050346,0.6427171783148269,0.5830681094844049,0.783492303287129,0.7685393258426967,0.7627024008933556,0.8571428571428571,0.7943262411347517,0.6484245439469319,0.7662270737921187,0.6373959121877365,0.7440239043824701,0.5971404541631623,0.6068431245965139,0.4355923435075013,0.604199147767477,0.8914057295136575,0.7346405228758169,0.8435754189944134,0.783686112545173,0.6473429951690821,0.7801301558196286,0.5111007051564566,0.6287618837751054
0.9084423305588586,0.9458483754512635,0.9787234042553192,0.7246376811594203,0.11764705882352941,0.735059770049678,0.9559585492227979,0.6630021141649048,0.06299212598425197,0.6904038211029092,0.21579532814238042,0.5176303877234488,0.8827319587628866,0.8920134983127109,0.9384513567174056,0.6981214504150285,0.16091954022988506,0.7144475608875832,0.9384816753926702,0.663555366991939,0.06237006237006237,0.6959192628345765,0.16247139588100687,0.504559552694051,0.3220975256563621,0.40177784423597557
0.8590852904820766,0.9396294082486552,0.9757311761045426,0.7253649635036495,0.2417582417582418,0.7483138160194331,0.9302615193026152,0.5440239790183589,0.06164383561643836,0.524891774891775,0.3676323676323677,0.485690695292311,0.8336448598130841,0.8677191072400653,0.9501312335958005,0.8063524590163935,0.512014787430684,0.7939724894192054,0.8044776119402984,0.6563155686109946,0.0487012987012987,0.702753149790014,0.17960088691796008,0.47836970319211314,0.42241704967575394,0.5633499653717812
0.832339297548045,0.7852093529091898,0.864549578742709,0.6257534246575341,0.39252336448598135,0.7000750036686919,0.9597024178549287,0.7486871717929483,0.7349687349687349,0.6378378378378379,0.5671111111111111,0.7296614547131122,0.7638266068759344,0.8952164009111617,0.897765741367637,0.6538882803943045,0.4479101684341859,0.7317214395966448,0.8995098039215687,0.7755960729312763,0.7616130678917814,0.5150421179302046,0.4844814534443603,0.6872485032238382,0.5282456085122458,0.6416884404709438
0.8261758691206544,0.3808844507845935,0.6623441396508729,0.5597701149425288,0.38961038961038963,0.5637569928218078,0.8507670850767084,0.48739495798319327,0.602277188849627,0.37748344370860926,0.3316666666666667,0.529917868456961,0.6558105107327905,0.8807134894091416,0.8857938718662953,0.6907675194660735,0.3750771128932758,0.6976325008735154,0.9075297225891678,0.8589025755879058,0.9069306930693071,0.1905511811023622,0.44281984334203656,0.6613468031381557,0.5855395706100862,0.6800509979223068
0.9193758127438232,0.874439461883408,0.871866295264624,0.45661538461538465,0.4168212739641311,0.7078236456942741,0.9371697005284791,0.8222222222222222,0.8117394416607014,0.07912457912457913,0.41841004184100417,0.6137331970753972,0.889790398918188,0.8681564245810055,0.8928327645051195,0.5054818234275822,0.37703848662752776,0.7066599796118845,0.957983193277311,0.8232161874334398,0.7695530726256984,0.7029063509149625,0.5437392795883361,0.7594796167679495,0.45909935150790154,0.5062488194925392
0.8165534280420013,0.598021582733813,0.10536218250235184,0.48902821316614425,0.29753168779186123,0.46129941884723435,0.951111111111111,0.6785249457700651,0.7150127226463103,0.020920502092050212,0.3969849246231156,0.5525108412485303,0.8890420399724328,0.8536193029490616,0.9276139410187667,0.485424588086185,0.47831474597273854,0.726802923599837,0.9624697336561743,0.8112820512820511,0.7999999999999999,0.42932628797886396,0.42995480955455134,0.6866065764943282,0.5218118428508468,0.6034793489894856
0.9655612244897959,0.6442227763923525,0.011862396204033215,0.7697768762677486,0.5730800990916598,0.5929006744891181,0.9449378330373002,0.8717660292463443,0.8098833218943033,0.7648327939590075,0.5973813420621931,0.7977602640398296,0.9714640198511166,0.6407360936846508,0.01180637544273908,0.7300556586270872,0.3661971830985915,0.5440518661408371,0.9561034275405893,0.8777219430485762,0.8410404624277457,0.6898854961832062,0.38649155722326456,0.7502485772846764,0.4744616885978719,0.3449364099981112
0.9653870358716173,0.6455379482902419,0.00861141011840689,0.8182795698924732,0.6339869281045751,0.6143605784554629,0.8979319546364243,0.6945533769063181,0.30298818624044477,0.7723627390499691,0.5759162303664921,0.6487504974399296,0.9635316698656431,0.6373254337706306,0.012698412698412697,0.7416955875061974,0.47841726618705027,0.5667336740055867,0.9724770642201834,0.8528301886792452,0.8408104196816208,0.7106156083373728,0.4525821596244132,0.7658630881085672,0.45666357111376943,0.4582021658376881
